play_id,period,strength,period_time,remain_time,play_code,play_description,visit_player_on_ice,home_player_on_ice,player_one,player_two,player_three,player_four,date_time,coordinates,play_year,play_month,play_day,play_time,x_coord,y_coord
1,1,,00:00,20:00,PGSTR,,{},{},,,,,2021-10-12T22:45:48Z,{},2021,10,12,18:45:48,,
2,1,,00:00,20:00,PGEND,,{},{},,,,,2021-10-12T23:41:26Z,{},2021,10,12,19:41:26,,
3,1,,00:00,20:00,ANTHEM,,{},{},,,,,,,,,,,,
4,1,,00:00,20:00,PSTR,Period Start- Local time: 7:43 EDT,"{'C': '77', 'R': '17', 'L': '43', 'D1': '8', 'D2': '58', 'G': '35'}","{'C': '21', 'R': '86', 'L': '18', 'D1': '27', 'D2': '81', 'G': '88'}",,,,,2021-10-12T23:44:06Z,{},2021,10,12,19:44:06,,
5,1,EV,00:00,20:00,FAC,PIT won Neu. Zone - PIT #77 CARTER vs TBL #21 POINT,"{'C': '77', 'R': '17', 'L': '43', 'D1': '8', 'D2': '58', 'G': '35'}","{'C': '21', 'R': '86', 'L': '18', 'D1': '27', 'D2': '81', 'G': '88'}",Jeff Carter,Brayden Point,,,2021-10-12T23:44:06Z,"{'x': 0.0, 'y': 0.0}",2021,10,12,19:44:06,0.0,0.0
6,1,EV,00:18,19:42,HIT,"TBL #18 PALAT HIT PIT #77 CARTER, Off. Zone","{'C': '77', 'R': '17', 'L': '43', 'D1': '8', 'D2': '58', 'G': '35'}","{'C': '21', 'R': '86', 'L': '18', 'D1': '27', 'D2': '81', 'G': '88'}",Ondrej Palat,Jeff Carter,,,2021-10-12T23:44:24Z,"{'x': 46.0, 'y': 40.0}",2021,10,12,19:44:24,46.0,40.0
7,1,,00:38,19:22,STOP,PUCK IN NETTING,"{'C': '9', 'R': '42', 'L': '16', 'D1': '6', 'D2': '28', 'G': '35'}","{'C': '91', 'D1': '44', 'D2': '77', 'G': '88'}",,,,,2021-10-12T23:44:44Z,{},2021,10,12,19:44:44,,
8,1,EV,00:38,19:22,FAC,TBL won Neu. Zone - PIT #9 RODRIGUES vs TBL #71 CIRELLI,"{'C': '9', 'R': '42', 'L': '16', 'D1': '6', 'D2': '28', 'G': '35'}","{'C': '91', 'D1': '44', 'D2': '77', 'G': '88'}",Anthony Cirelli,Evan Rodrigues,,,2021-10-12T23:45:07Z,"{'x': 0.0, 'y': 0.0}",2021,10,12,19:45:07,0.0,0.0
9,1,EV,00:53,19:07,HIT,"TBL #71 CIRELLI HIT PIT #28 PETTERSSON, Off. Zone","{'C': '9', 'R': '42', 'L': '16', 'D1': '6', 'D2': '28', 'G': '35'}","{'C': '91', 'D1': '44', 'D2': '77', 'G': '88'}",Anthony Cirelli,Marcus Pettersson,,,2021-10-12T23:45:22Z,"{'x': 50.0, 'y': -39.0}",2021,10,12,19:45:22,50.0,-39.0
10,1,EV,1:03,18:57,SHOT,"TBL ONGOAL - #91 STAMKOS, Wrist, Off. Zone, 42 ft.","{'C': '9', 'R': '42', 'L': '16', 'D1': '6', 'D2': '28', 'G': '35'}","{'C': '91', 'D1': '24', 'D2': '98', 'G': '88'}",,,,,,,,,,,,
11,1,,1:03,18:57,STOP,GOALIE STOPPED (AFTER SOG),"{'C': '53', 'L': '23', 'D1': '8', 'D2': '58', 'G': '35'}","{'C': '91', 'D1': '24', 'D2': '98', 'G': '88'}",,,,,,,,,,,,
12,1,EV,1:03,18:57,FAC,PIT won Def. Zone - PIT #53 BLUEGER vs TBL #79 COLTON,"{'C': '53', 'L': '23', 'D1': '8', 'D2': '58', 'G': '35'}","{'C': '79', 'R': '10', 'D1': '24', 'D2': '98', 'G': '88'}",,,,,,,,,,,,
13,1,EV,1:18,18:42,TAKE,"TBL TAKEAWAY - #7 JOSEPH, Off. Zone","{'C': '53', 'L': '23', 'D1': '8', 'D2': '58', 'G': '35'}","{'C': '79', 'R': '10', 'D1': '24', 'D2': '98', 'G': '88'}",,,,,,,,,,,,
14,1,EV,1:25,18:35,BLOCK,"TBL #24 BOGOSIAN BLOCKED BY  PIT #23 MCGINN, Wrist, Def. Zone","{'C': '53', 'L': '23', 'D1': '8', 'D2': '58', 'G': '35'}","{'C': '79', 'R': '10', 'D1': '24', 'D2': '98', 'G': '88'}",,,,,,,,,,,,
15,1,EV,1:44,18:16,SHOT,"PIT ONGOAL - #23 MCGINN, Wrist, Off. Zone, 30 ft.","{'C': '53', 'L': '23', 'D1': '2', 'D2': '52', 'G': '35'}","{'R': '16', 'L': '41', 'D1': '44', 'D2': '77', 'G': '88'}",,,,,,,,,,,,
16,1,EV,1:57,18:03,HIT,"PIT #18 LAFFERTY HIT TBL #44 RUTTA, Off. Zone","{'C': '18', 'L': '10', 'D1': '2', 'D2': '52', 'G': '35'}","{'R': '16', 'L': '41', 'D1': '44', 'D2': '77', 'G': '88'}",,,,,,,,,,,,
17,1,EV,2:01,17:59,SHOT,"TBL ONGOAL - #44 RUTTA, Wrist, Neu. Zone, 100 ft.","{'C': '18', 'L': '10', 'D1': '2', 'D2': '52', 'G': '35'}","{'R': '16', 'L': '41', 'D1': '44', 'D2': '77', 'G': '88'}",,,,,,,,,,,,
18,1,,2:32,17:28,STOP,ICING,"{'C': '77', 'R': '17', 'L': '43', 'D1': '8', 'D2': '58', 'G': '35'}","{'C': '21', 'L': '41', 'D1': '27', 'D2': '81', 'G': '88'}",,,,,,,,,,,,
19,1,EV,2:32,17:28,FAC,PIT won Off. Zone - PIT #77 CARTER vs TBL #41 BELLEMARE,"{'C': '77', 'R': '17', 'L': '43', 'D1': '8', 'D2': '58', 'G': '35'}","{'C': '21', 'L': '41', 'D1': '27', 'D2': '81', 'G': '88'}",,,,,,,,,,,,
20,1,EV,2:45,17:15,HIT,"PIT #77 CARTER HIT TBL #41 BELLEMARE, Off. Zone","{'C': '77', 'R': '17', 'L': '43', 'D1': '8', 'D2': '58', 'G': '35'}","{'C': '21', 'L': '41', 'D1': '27', 'D2': '81', 'G': '88'}",,,,,,,,,,,,
21,1,EV,2:47,17:13,SHOT,"PIT ONGOAL - #43 HEINEN, Wrist, Off. Zone, 29 ft.","{'C': '77', 'R': '17', 'L': '43', 'D1': '8', 'D2': '58', 'G': '35'}","{'C': '21', 'L': '41', 'D1': '27', 'D2': '81', 'G': '88'}",,,,,,,,,,,,
22,1,,2:48,17:12,STOP,PUCK IN NETTING,"{'C': '77', 'R': '17', 'L': '43', 'D1': '8', 'D2': '58', 'G': '35'}","{'C': '21', 'L': '41', 'D1': '27', 'D2': '81', 'G': '88'}",,,,,,,,,,,,
23,1,EV,2:48,17:12,FAC,TBL won Def. Zone - PIT #77 CARTER vs TBL #21 POINT,"{'C': '77', 'R': '17', 'L': '43', 'D1': '8', 'D2': '58', 'G': '35'}","{'C': '21', 'L': '41', 'D1': '27', 'D2': '81', 'G': '88'}",,,,,,,,,,,,
24,1,EV,3:07,16:53,SHOT,"TBL ONGOAL - #18 PALAT, Wrist, Off. Zone, 26 ft.","{'C': '77', 'R': '17', 'L': '43', 'D1': '8', 'D2': '58', 'G': '35'}","{'C': '21', 'L': '41', 'D1': '27', 'D2': '81', 'G': '88'}",,,,,,,,,,,,
25,1,EV,3:11,16:49,BLOCK,"TBL #81 CERNAK BLOCKED BY  PIT #43 HEINEN, Wrist, Def. Zone","{'C': '77', 'R': '17', 'L': '43', 'D1': '8', 'D2': '58', 'G': '35'}","{'C': '21', 'L': '41', 'D1': '27', 'D2': '81', 'G': '88'}",,,,,,,,,,,,
26,1,,3:18,16:42,STOP,ICING,"{'C': '9', 'R': '42', 'L': '16', 'D1': '6', 'D2': '28', 'G': '35'}","{'C': '21', 'L': '41', 'D1': '27', 'D2': '81', 'G': '88'}",,,,,,,,,,,,
27,1,EV,3:18,16:42,FAC,PIT won Off. Zone - PIT #9 RODRIGUES vs TBL #21 POINT,"{'C': '9', 'R': '42', 'L': '16', 'D1': '6', 'D2': '28', 'G': '35'}","{'C': '21', 'L': '41', 'D1': '27', 'D2': '81', 'G': '88'}",,,,,,,,,,,,
28,1,EV,3:33,16:27,BLOCK,"PIT #9 RODRIGUES BLOCKED BY  TBL #27 MCDONAGH, Wrist, Def. Zone","{'C': '9', 'R': '42', 'L': '16', 'D1': '6', 'D2': '28', 'G': '35'}","{'C': '21', 'L': '41', 'D1': '27', 'D2': '81', 'G': '88'}",,,,,,,,,,,,
29,1,EV,4:09,15:51,HIT,"PIT #9 RODRIGUES HIT TBL #27 MCDONAGH, Off. Zone","{'C': '9', 'R': '42', 'L': '16', 'D1': '8', 'D2': '58', 'G': '35'}","{'C': '21', 'L': '41', 'D1': '27', 'D2': '81', 'G': '88'}",,,,,,,,,,,,
30,1,,4:28,15:32,STOP,ICING,"{'C': '53', 'L': '23', 'D1': '2', 'D2': '52', 'G': '35'}","{'C': '21', 'L': '41', 'D1': '27', 'D2': '81', 'G': '88'}",,,,,,,,,,,,
31,1,EV,4:28,15:32,FAC,PIT won Off. Zone - PIT #53 BLUEGER vs TBL #21 POINT,"{'C': '53', 'L': '23', 'D1': '2', 'D2': '52', 'G': '35'}","{'C': '21', 'R': '86', 'D1': '27', 'D2': '81', 'G': '88'}",,,,,,,,,,,,
32,1,EV,4:32,15:28,SHOT,"PIT ONGOAL - #52 FRIEDMAN, Wrist, Off. Zone, 42 ft.","{'C': '53', 'L': '23', 'D1': '2', 'D2': '52', 'G': '35'}","{'C': '21', 'R': '86', 'D1': '27', 'D2': '81', 'G': '88'}",,,,,,,,,,,,
33,1,,4:32,15:28,STOP,GOALIE STOPPED (AFTER SOG),"{'C': '53', 'L': '23', 'D1': '2', 'D2': '52', 'G': '35'}","{'C': '21', 'R': '86', 'D1': '27', 'D2': '81', 'G': '88'}",,,,,,,,,,,,
34,1,EV,4:32,15:28,FAC,PIT won Off. Zone - PIT #53 BLUEGER vs TBL #91 STAMKOS,"{'C': '53', 'L': '23', 'D1': '2', 'D2': '52', 'G': '35'}","{'C': '91', 'D1': '24', 'D2': '98', 'G': '88'}",,,,,,,,,,,,
35,1,EV,4:39,15:21,SHOT,"PIT ONGOAL - #49 SIMON, Slap, Off. Zone, 29 ft.","{'C': '53', 'L': '23', 'D1': '2', 'D2': '52', 'G': '35'}","{'C': '91', 'D1': '24', 'D2': '98', 'G': '88'}",,,,,,,,,,,,
36,1,,4:39,15:21,STOP,GOALIE STOPPED (AFTER SOG),"{'C': '53', 'L': '23', 'D1': '2', 'D2': '52', 'G': '35'}","{'C': '91', 'D1': '24', 'D2': '98', 'G': '88'}",,,,,,,,,,,,
37,1,EV,4:39,15:21,FAC,PIT won Off. Zone - PIT #77 CARTER vs TBL #91 STAMKOS,"{'C': '77', 'R': '17', 'L': '43', 'D1': '2', 'D2': '52', 'G': '35'}","{'C': '91', 'D1': '44', 'D2': '77', 'G': '88'}",,,,,,,,,,,,
38,1,EV,4:54,15:06,HIT,"TBL #91 STAMKOS HIT PIT #52 FRIEDMAN, Def. Zone","{'C': '77', 'R': '17', 'L': '43', 'D1': '2', 'D2': '52', 'G': '35'}","{'C': '91', 'D1': '44', 'D2': '77', 'G': '88'}",,,,,,,,,,,,
39,1,EV,5:11,14:49,SHOT,"TBL ONGOAL - #77 HEDMAN, Wrist, Off. Zone, 39 ft.","{'C': '77', 'R': '17', 'L': '43', 'D1': '2', 'D2': '52', 'G': '35'}","{'C': '91', 'D1': '44', 'D2': '77', 'G': '88'}",,,,,,,,,,,,
40,1,EV,5:18,14:42,BLOCK,"TBL #44 RUTTA BLOCKED BY  PIT #52 FRIEDMAN, Wrist, Def. Zone","{'C': '77', 'R': '17', 'L': '43', 'D1': '2', 'D2': '52', 'G': '35'}","{'C': '91', 'D1': '44', 'D2': '77', 'G': '88'}",,,,,,,,,,,,
41,1,EV,5:18,14:42,SHOT,"PIT ONGOAL - #17 RUST, Backhand, Off. Zone, 16 ft.","{'C': '77', 'R': '17', 'L': '43', 'D1': '2', 'D2': '52', 'G': '35'}","{'C': '91', 'D1': '44', 'D2': '77', 'G': '88'}",,,,,,,,,,,,
42,1,,5:22,14:38,STOP,GOALIE STOPPED (AFTER SOG),"{'C': '18', 'L': '10', 'D1': '8', 'D2': '58', 'G': '35'}","{'R': '16', 'L': '41', 'D1': '24', 'D2': '98', 'G': '88'}",,,,,,,,,,,,
43,1,EV,5:22,14:38,FAC,TBL won Def. Zone - PIT #11 BOYLE vs TBL #41 BELLEMARE,"{'C': '18', 'L': '10', 'D1': '8', 'D2': '58', 'G': '35'}","{'C': '79', 'R': '10', 'L': '41', 'D1': '24', 'D2': '98', 'G': '88'}",,,,,,,,,,,,
44,1,EV,5:33,14:27,TAKE,"PIT TAKEAWAY - #8 DUMOULIN, Neu. Zone","{'C': '18', 'L': '10', 'D1': '8', 'D2': '58', 'G': '35'}","{'C': '79', 'R': '10', 'L': '41', 'D1': '24', 'D2': '98', 'G': '88'}",,,,,,,,,,,,
45,1,EV,5:39,14:21,HIT,"TBL #24 BOGOSIAN HIT PIT #10 O'CONNOR, Def. Zone","{'C': '18', 'L': '10', 'D1': '8', 'D2': '58', 'G': '35'}","{'C': '79', 'R': '10', 'L': '41', 'D1': '24', 'D2': '98', 'G': '88'}",,,,,,,,,,,,
46,1,EV,5:45,14:15,SHOT,"PIT ONGOAL - #10 O'CONNOR, Wrist, Off. Zone, 20 ft.","{'C': '18', 'L': '10', 'D1': '8', 'D2': '58', 'G': '35'}","{'C': '79', 'R': '10', 'D1': '24', 'D2': '98', 'G': '88'}",,,,,,,,,,,,
47,1,EV,5:53,14:07,BLOCK,"PIT #58 LETANG BLOCKED BY  TBL #79 COLTON, Wrist, Def. Zone","{'C': '18', 'L': '10', 'D1': '8', 'D2': '58', 'G': '35'}","{'C': '79', 'R': '10', 'D1': '24', 'D2': '98', 'G': '88'}",,,,,,,,,,,,
48,1,EV,6:04,13:56,SHOT,"PIT ONGOAL - #11 BOYLE, Wrist, Off. Zone, 28 ft.","{'C': '18', 'L': '10', 'D1': '8', 'D2': '58', 'G': '35'}","{'R': '10', 'L': '41', 'D1': '44', 'D2': '77', 'G': '88'}",,,,,,,,,,,,
49,1,,6:04,13:56,STOP,"GOALIE STOPPED (AFTER SOG),TV TIMEOUT","{'C': '18', 'L': '10', 'D1': '8', 'D2': '58', 'G': '35'}","{'R': '10', 'L': '41', 'D1': '44', 'D2': '77', 'G': '88'}",,,,,,,,,,,,
50,1,EV,6:04,13:56,FAC,PIT won Off. Zone - PIT #9 RODRIGUES vs TBL #79 COLTON,"{'C': '9', 'R': '42', 'L': '16', 'D1': '6', 'D2': '28', 'G': '35'}","{'C': '79', 'R': '10', 'D1': '44', 'D2': '77', 'G': '88'}",,,,,,,,,,,,
51,1,EV,6:29,13:31,HIT,"TBL #79 COLTON HIT PIT #9 RODRIGUES, Def. Zone","{'C': '9', 'R': '42', 'L': '16', 'D1': '6', 'D2': '28', 'G': '35'}","{'C': '79', 'R': '10', 'D1': '44', 'D2': '77', 'G': '88'}",,,,,,,,,,,,
52,1,EV,6:47,13:13,SHOT,"PIT ONGOAL - #42 KAPANEN, Wrist, Off. Zone, 31 ft.","{'C': '9', 'R': '42', 'L': '16', 'D1': '8', 'D2': '58', 'G': '35'}","{'C': '21', 'R': '86', 'D1': '44', 'D2': '77', 'G': '88'}",,,,,,,,,,,,
53,1,,6:59,13:01,STOP,GOALIE STOPPED (AFTER SOG),"{'C': '77', 'R': '17', 'L': '43', 'D1': '8', 'D2': '58', 'G': '35'}","{'C': '91', 'D1': '27', 'D2': '81', 'G': '88'}",,,,,,,,,,,,
54,1,EV,6:59,13:01,FAC,PIT won Off. Zone - PIT #77 CARTER vs TBL #71 CIRELLI,"{'C': '77', 'R': '17', 'L': '43', 'D1': '8', 'D2': '58', 'G': '35'}","{'C': '91', 'D1': '27', 'D2': '81', 'G': '88'}",,,,,,,,,,,,
55,1,EV,7:20,12:40,SHOT,"PIT ONGOAL - #58 LETANG, Tip-In, Off. Zone, 17 ft.","{'C': '77', 'R': '17', 'L': '43', 'D1': '8', 'D2': '58', 'G': '35'}","{'C': '91', 'D1': '27', 'D2': '81', 'G': '88'}",,,,,,,,,,,,
56,1,,7:37,12:23,STOP,ICING,"{'C': '53', 'L': '23', 'D1': '8', 'D2': '58', 'G': '35'}","{'C': '91', 'D1': '27', 'D2': '81', 'G': '88'}",,,,,,,,,,,,
57,1,EV,7:37,12:23,FAC,PIT won Off. Zone - PIT #49 SIMON vs TBL #91 STAMKOS,"{'C': '53', 'L': '23', 'D1': '2', 'D2': '52', 'G': '35'}","{'C': '91', 'D1': '27', 'D2': '81', 'G': '88'}",,,,,,,,,,,,
58,1,EV,7:50,12:10,HIT,"PIT #52 FRIEDMAN HIT TBL #81 CERNAK, Off. Zone","{'C': '53', 'L': '23', 'D1': '2', 'D2': '52', 'G': '35'}","{'C': '91', 'D1': '27', 'D2': '81', 'G': '88'}",,,,,,,,,,,,
59,1,EV,8:00,12:00,HIT,"TBL #17 KILLORN HIT PIT #2 RUHWEDEL, Def. Zone","{'C': '53', 'L': '23', 'D1': '2', 'D2': '52', 'G': '35'}","{'C': '91', 'D1': '27', 'D2': '81', 'G': '88'}",,,,,,,,,,,,
60,1,EV,8:10,11:50,BLOCK,"PIT #2 RUHWEDEL BLOCKED BY  TBL #27 MCDONAGH, Slap, Def. Zone","{'C': '53', 'L': '23', 'D1': '2', 'D2': '52', 'G': '35'}","{'C': '71', 'R': '86', 'D1': '27', 'D2': '81', 'G': '88'}",,,,,,,,,,,,
61,1,EV,8:18,11:42,MISS,"PIT #2 RUHWEDEL, Snap, Wide of Net, Off. Zone, 66 ft.","{'C': '53', 'L': '23', 'D1': '2', 'D2': '52', 'G': '35'}","{'C': '71', 'R': '86', 'D1': '27', 'D2': '81', 'G': '88'}",,,,,,,,,,,,
62,1,EV,8:20,11:40,HIT,"TBL #71 CIRELLI HIT PIT #52 FRIEDMAN, Def. Zone","{'C': '53', 'L': '23', 'D1': '2', 'D2': '52', 'G': '35'}","{'C': '71', 'R': '86', 'D1': '27', 'D2': '81', 'G': '88'}",,,,,,,,,,,,
63,1,EV,8:47,11:13,HIT,"TBL #98 SERGACHEV HIT PIT #42 KAPANEN, Def. Zone","{'C': '9', 'R': '42', 'L': '16', 'D1': '6', 'D2': '28', 'G': '35'}","{'C': '21', 'R': '86', 'L': '18', 'D1': '24', 'D2': '98', 'G': '88'}",,,,,,,,,,,,
64,1,EV,8:58,11:02,HIT,"PIT #9 RODRIGUES HIT TBL #21 POINT, Def. Zone","{'C': '9', 'R': '42', 'L': '16', 'D1': '6', 'D2': '28', 'G': '35'}","{'C': '21', 'R': '86', 'L': '18', 'D1': '24', 'D2': '98', 'G': '88'}",,,,,,,,,,,,
65,1,EV,9:12,10:48,HIT,"PIT #6 MARINO HIT TBL #21 POINT, Def. Zone","{'C': '18', 'L': '10', 'D1': '6', 'D2': '28', 'G': '35'}","{'C': '21', 'R': '86', 'L': '14', 'D1': '44', 'D2': '77', 'G': '88'}",,,,,,,,,,,,
66,1,,9:33,10:27,STOP,ICING,"{'C': '18', 'L': '10', 'D1': '8', 'D2': '58', 'G': '35'}","{'C': '21', 'R': '16', 'L': '14', 'D1': '44', 'D2': '77', 'G': '88'}",,,,,,,,,,,,
67,1,EV,9:33,10:27,FAC,PIT won Off. Zone - PIT #77 CARTER vs TBL #21 POINT,"{'C': '77', 'R': '17', 'L': '43', 'D1': '8', 'D2': '58', 'G': '35'}","{'C': '21', 'R': '16', 'L': '14', 'D1': '24', 'D2': '77', 'G': '88'}",,,,,,,,,,,,
68,1,EV,9:40,10:20,HIT,"TBL #24 BOGOSIAN HIT PIT #43 HEINEN, Def. Zone","{'C': '77', 'R': '17', 'L': '43', 'D1': '8', 'D2': '58', 'G': '35'}","{'C': '21', 'R': '16', 'L': '14', 'D1': '24', 'D2': '77', 'G': '88'}",,,,,,,,,,,,
69,1,EV,10:43,9:17,HIT,"TBL #7 JOSEPH HIT PIT #52 FRIEDMAN, Off. Zone","{'C': '53', 'L': '23', 'D1': '2', 'D2': '52', 'G': '35'}","{'C': '79', 'R': '10', 'D1': '81', 'D2': '98', 'G': '88'}",Mathieu Joseph,Mark Friedman,,,2021-10-13T00:03:38Z,"{'x': 96.0, 'y': 20.0}",2021,10,12,20:03:38,96.0,20.0
70,1,EV,10:55,9:05,SHOT,"PIT ONGOAL - #49 SIMON, Wrist, Off. Zone, 8 ft.","{'C': '53', 'L': '23', 'D1': '2', 'D2': '52', 'G': '35'}","{'C': '79', 'R': '10', 'D1': '81', 'D2': '98', 'G': '88'}",Dominik Simon,Andrei Vasilevskiy,,,2021-10-13T00:03:50Z,"{'x': -81.0, 'y': -4.0}",2021,10,12,20:03:50,-81.0,-4.0
71,1,EV,11:06,8:54,HIT,"TBL #98 SERGACHEV HIT PIT #49 SIMON, Def. Zone","{'C': '53', 'L': '23', 'D1': '2', 'D2': '52', 'G': '35'}","{'C': '79', 'R': '10', 'D1': '81', 'D2': '98', 'G': '88'}",Mikhail Sergachev,Dominik Simon,,,2021-10-13T00:04:01Z,"{'x': -82.0, 'y': 39.0}",2021,10,12,20:04:01,-82.0,39.0
72,1,,11:28,8:32,STOP,"PUCK FROZEN,TV TIMEOUT","{'C': '9', 'R': '42', 'L': '16', 'D1': '6', 'D2': '28', 'G': '35'}","{'C': '91', 'D1': '44', 'D2': '77', 'G': '88'}",,,,,2021-10-13T00:04:22Z,{},2021,10,12,20:04:22,,
73,1,EV,11:28,8:32,FAC,TBL won Def. Zone - PIT #9 RODRIGUES vs TBL #91 STAMKOS,"{'C': '9', 'R': '42', 'L': '16', 'D1': '6', 'D2': '28', 'G': '35'}","{'C': '91', 'D1': '44', 'D2': '77', 'G': '88'}",Steven Stamkos,Evan Rodrigues,,,2021-10-13T00:06:40Z,"{'x': -69.0, 'y': -22.0}",2021,10,12,20:06:40,-69.0,-22.0
74,1,EV,11:37,8:23,TAKE,"TBL TAKEAWAY - #71 CIRELLI, Def. Zone","{'C': '9', 'R': '42', 'L': '16', 'D1': '6', 'D2': '28', 'G': '35'}","{'C': '91', 'D1': '44', 'D2': '77', 'G': '88'}",Anthony Cirelli,,,,2021-10-13T00:06:49Z,"{'x': -35.0, 'y': -29.0}",2021,10,12,20:06:49,-35.0,-29.0
75,1,EV,11:49,8:11,HIT,"TBL #91 STAMKOS HIT PIT #28 PETTERSSON, Off. Zone","{'C': '9', 'R': '42', 'L': '16', 'D1': '6', 'D2': '28', 'G': '35'}","{'C': '91', 'D1': '44', 'D2': '77', 'G': '88'}",Steven Stamkos,Marcus Pettersson,,,2021-10-13T00:07:01Z,"{'x': 97.0, 'y': 16.0}",2021,10,12,20:07:01,97.0,16.0
76,1,EV,12:00,8:00,BLOCK,"TBL #71 CIRELLI BLOCKED BY  PIT #16 ZUCKER, Wrist, Def. Zone","{'C': '9', 'R': '42', 'L': '16', 'D1': '6', 'D2': '28', 'G': '35'}","{'C': '91', 'D1': '44', 'D2': '77', 'G': '88'}",Jason Zucker,Anthony Cirelli,,,2021-10-13T00:07:12Z,"{'x': 75.0, 'y': -4.0}",2021,10,12,20:07:12,75.0,-4.0
77,1,,12:06,7:54,STOP,ICING,"{'C': '77', 'R': '17', 'D1': '28', 'D2': '58', 'G': '35'}","{'C': '91', 'D1': '44', 'D2': '77', 'G': '88'}",,,,,2021-10-13T00:07:18Z,{},2021,10,12,20:07:18,,
78,1,EV,12:06,7:54,FAC,PIT won Def. Zone - PIT #77 CARTER vs TBL #21 POINT,"{'C': '77', 'R': '17', 'D1': '28', 'D2': '58', 'G': '35'}","{'C': '21', 'R': '86', 'L': '18', 'D1': '77', 'D2': '98', 'G': '88'}",Jeff Carter,Brayden Point,,,2021-10-13T00:08:00Z,"{'x': 69.0, 'y': -22.0}",2021,10,12,20:08:00,69.0,-22.0
79,1,EV,12:15,7:45,MISS,"TBL #77 HEDMAN, Wrist, Wide of Net, Off. Zone, 53 ft.","{'C': '77', 'R': '17', 'D1': '28', 'D2': '58', 'G': '35'}","{'C': '21', 'R': '86', 'L': '18', 'D1': '77', 'D2': '98', 'G': '88'}",Victor Hedman,Tristan Jarry,,,2021-10-13T00:08:09Z,"{'x': 48.0, 'y': 34.0}",2021,10,12,20:08:09,48.0,34.0
80,1,EV,12:19,7:41,GIVE,"TBL GIVEAWAY - #98 SERGACHEV, Off. Zone","{'C': '77', 'R': '17', 'D1': '28', 'D2': '58', 'G': '35'}","{'C': '21', 'R': '86', 'L': '18', 'D1': '77', 'D2': '98', 'G': '88'}",Mikhail Sergachev,,,,2021-10-13T00:08:13Z,"{'x': 28.0, 'y': -37.0}",2021,10,12,20:08:13,28.0,-37.0
81,1,EV,12:26,7:34,SHOT,"PIT ONGOAL - #77 CARTER, Wrist, Off. Zone, 41 ft.","{'C': '77', 'R': '17', 'D1': '28', 'D2': '58', 'G': '35'}","{'C': '21', 'R': '86', 'L': '18', 'D1': '77', 'D2': '98', 'G': '88'}",Jeff Carter,Andrei Vasilevskiy,,,2021-10-13T00:08:20Z,"{'x': -48.0, 'y': 4.0}",2021,10,12,20:08:20,-48.0,4.0
82,1,EV,12:31,7:29,MISS,"TBL #77 HEDMAN, Wrist, Wide of Net, Off. Zone, 48 ft.","{'C': '77', 'R': '17', 'D1': '6', 'D2': '28', 'G': '35'}","{'C': '21', 'R': '86', 'L': '18', 'D1': '77', 'D2': '98', 'G': '88'}",Victor Hedman,Tristan Jarry,,,2021-10-13T00:08:25Z,"{'x': 49.0, 'y': 28.0}",2021,10,12,20:08:25,49.0,28.0
83,1,EV,12:36,7:24,BLOCK,"PIT #77 CARTER BLOCKED BY  TBL #77 HEDMAN, Wrist, Def. Zone","{'C': '77', 'R': '17', 'L': '43', 'D1': '6', 'D2': '28', 'G': '35'}","{'C': '21', 'R': '86', 'L': '18', 'D1': '77', 'D2': '98', 'G': '88'}",Victor Hedman,Jeff Carter,,,2021-10-13T00:08:30Z,"{'x': -82.0, 'y': 8.0}",2021,10,12,20:08:30,-82.0,8.0
84,1,EV,12:50,7:10,GIVE,"PIT GIVEAWAY - #8 DUMOULIN, Def. Zone","{'C': '77', 'R': '17', 'L': '43', 'D1': '8', 'D2': '58', 'G': '35'}","{'C': '21', 'R': '86', 'L': '18', 'D1': '27', 'D2': '98', 'G': '88'}",Brian Dumoulin,,,,2021-10-13T00:08:44Z,"{'x': 87.0, 'y': -29.0}",2021,10,12,20:08:44,87.0,-29.0
85,1,,12:56,7:04,STOP,OFFSIDE,"{'C': '77', 'R': '17', 'L': '43', 'D1': '8', 'D2': '58', 'G': '35'}","{'C': '21', 'R': '86', 'L': '18', 'D1': '27', 'D2': '98', 'G': '88'}",,,,,2021-10-13T00:08:50Z,{},2021,10,12,20:08:50,,
86,1,EV,12:56,7:04,FAC,TBL won Neu. Zone - PIT #53 BLUEGER vs TBL #41 BELLEMARE,"{'C': '53', 'L': '23', 'D1': '2', 'D2': '52', 'G': '35'}","{'R': '16', 'L': '41', 'D1': '27', 'D2': '81', 'G': '88'}",Pierre-Edouard Bellemare,Teddy Blueger,,,2021-10-13T00:09:18Z,"{'x': 20.0, 'y': -22.0}",2021,10,12,20:09:18,20.0,-22.0
87,1,EV,13:05,6:55,HIT,"TBL #14 MAROON HIT PIT #2 RUHWEDEL, Off. Zone","{'C': '53', 'L': '23', 'D1': '2', 'D2': '52', 'G': '35'}","{'R': '16', 'L': '41', 'D1': '27', 'D2': '81', 'G': '88'}",Pat Maroon,Chad Ruhwedel,,,2021-10-13T00:09:27Z,"{'x': 98.0, 'y': 18.0}",2021,10,12,20:09:27,98.0,18.0
88,1,EV,13:29,6:31,MISS,"PIT #53 BLUEGER, Wrist, Wide of Net, Off. Zone, 43 ft.","{'C': '53', 'L': '23', 'D1': '2', 'D2': '52', 'G': '35'}","{'R': '16', 'L': '41', 'D1': '27', 'D2': '81', 'G': '88'}",Teddy Blueger,Andrei Vasilevskiy,,,2021-10-13T00:09:51Z,"{'x': -61.0, 'y': 33.0}",2021,10,12,20:09:51,-61.0,33.0
89,1,EV,13:47,6:13,TAKE,"TBL TAKEAWAY - #27 MCDONAGH, Off. Zone","{'C': '53', 'L': '23', 'D1': '2', 'D2': '52', 'G': '35'}","{'C': '79', 'R': '16', 'L': '14', 'D1': '27', 'D2': '81', 'G': '88'}",Ryan McDonagh,,,,2021-10-13T00:10:09Z,"{'x': 40.0, 'y': -15.0}",2021,10,12,20:10:09,40.0,-15.0
90,1,EV,14:16,5:44,SHOT,"TBL ONGOAL - #79 COLTON, Snap, Off. Zone, 26 ft.","{'C': '18', 'L': '10', 'D1': '6', 'D2': '28', 'G': '35'}","{'C': '79', 'R': '10', 'D1': '24', 'D2': '98', 'G': '88'}",Ross Colton,Tristan Jarry,,,2021-10-13T00:10:38Z,"{'x': 63.0, 'y': 6.0}",2021,10,12,20:10:38,63.0,6.0
91,1,EV,14:21,5:39,HIT,"TBL #79 COLTON HIT PIT #10 O'CONNOR, Off. Zone","{'C': '18', 'L': '10', 'D1': '6', 'D2': '28', 'G': '35'}","{'C': '79', 'R': '10', 'D1': '24', 'D2': '98', 'G': '88'}",Ross Colton,Drew O'Connor,,,2021-10-13T00:10:43Z,"{'x': 33.0, 'y': -39.0}",2021,10,12,20:10:43,33.0,-39.0
92,1,EV,14:35,5:25,HIT,"PIT #18 LAFFERTY HIT TBL #98 SERGACHEV, Off. Zone","{'C': '18', 'L': '10', 'D1': '6', 'D2': '28', 'G': '35'}","{'C': '71', 'R': '10', 'D1': '24', 'D2': '98', 'G': '88'}",Sam Lafferty,Mikhail Sergachev,,,2021-10-13T00:10:57Z,"{'x': -95.0, 'y': 20.0}",2021,10,12,20:10:57,-95.0,20.0
93,1,EV,15:09,4:51,TAKE,"PIT TAKEAWAY - #16 ZUCKER, Def. Zone","{'C': '9', 'R': '42', 'L': '16', 'D1': '8', 'D2': '58', 'G': '35'}","{'C': '91', 'D1': '44', 'D2': '77', 'G': '88'}",Jason Zucker,,,,2021-10-13T00:11:31Z,"{'x': 56.0, 'y': -20.0}",2021,10,12,20:11:31,56.0,-20.0
94,1,,15:20,4:40,STOP,"PUCK IN BENCHES,TV TIMEOUT","{'C': '9', 'R': '42', 'L': '16', 'D1': '8', 'D2': '58', 'G': '35'}","{'C': '91', 'D1': '44', 'D2': '77', 'G': '88'}",,,,,2021-10-13T00:11:42Z,{},2021,10,12,20:11:42,,
95,1,EV,15:20,4:40,FAC,PIT won Neu. Zone - PIT #77 CARTER vs TBL #21 POINT,"{'C': '77', 'R': '17', 'L': '43', 'D1': '8', 'D2': '58', 'G': '35'}","{'C': '21', 'R': '86', 'L': '18', 'D1': '27', 'D2': '81', 'G': '88'}",Jeff Carter,Brayden Point,,,2021-10-13T00:13:57Z,"{'x': 20.0, 'y': 22.0}",2021,10,12,20:13:57,20.0,22.0
96,1,EV,15:38,4:22,MISS,"PIT #8 DUMOULIN, Slap, Wide of Net, Off. Zone, 60 ft.","{'C': '77', 'R': '17', 'L': '43', 'D1': '8', 'D2': '58', 'G': '35'}","{'C': '21', 'R': '86', 'L': '18', 'D1': '27', 'D2': '81', 'G': '88'}",Brian Dumoulin,Andrei Vasilevskiy,,,2021-10-13T00:14:15Z,"{'x': -37.0, 'y': -31.0}",2021,10,12,20:14:15,-37.0,-31.0
97,1,EV,15:42,4:18,HIT,"PIT #77 CARTER HIT TBL #18 PALAT, Off. Zone","{'C': '77', 'R': '17', 'L': '43', 'D1': '8', 'D2': '58', 'G': '35'}","{'C': '21', 'R': '86', 'L': '18', 'D1': '27', 'D2': '81', 'G': '88'}",Jeff Carter,Ondrej Palat,,,2021-10-13T00:14:19Z,"{'x': -94.0, 'y': 29.0}",2021,10,12,20:14:19,-94.0,29.0
98,1,EV,15:51,4:09,MISS,"PIT #58 LETANG, Wrist, Wide of Net, Off. Zone, 55 ft.","{'C': '77', 'R': '17', 'L': '43', 'D1': '8', 'D2': '58', 'G': '35'}","{'C': '21', 'R': '86', 'L': '18', 'D1': '27', 'D2': '81', 'G': '88'}",Kris Letang,Andrei Vasilevskiy,,,2021-10-13T00:14:28Z,"{'x': -42.0, 'y': 30.0}",2021,10,12,20:14:28,-42.0,30.0
99,1,EV,16:03,3:57,SHOT,"TBL ONGOAL - #81 CERNAK, Slap, Off. Zone, 48 ft.","{'C': '77', 'R': '17', 'L': '43', 'D1': '8', 'D2': '58', 'G': '35'}","{'C': '21', 'R': '86', 'L': '18', 'D1': '27', 'D2': '81', 'G': '88'}",Erik Cernak,Tristan Jarry,,,2021-10-13T00:14:40Z,"{'x': 41.0, 'y': 8.0}",2021,10,12,20:14:40,41.0,8.0
100,1,EV,16:27,3:33,HIT,"TBL #41 BELLEMARE HIT PIT #52 FRIEDMAN, Off. Zone","{'C': '53', 'L': '23', 'D1': '2', 'D2': '52', 'G': '35'}","{'R': '16', 'L': '41', 'D1': '44', 'D2': '77', 'G': '88'}",Pierre-Edouard Bellemare,Mark Friedman,,,2021-10-13T00:15:04Z,"{'x': 95.0, 'y': 14.0}",2021,10,12,20:15:04,95.0,14.0
101,1,EV,17:10,2:50,HIT,"TBL #10 PERRY HIT PIT #52 FRIEDMAN, Neu. Zone","{'C': '18', 'L': '10', 'D1': '2', 'D2': '52', 'G': '35'}","{'C': '79', 'R': '10', 'D1': '44', 'D2': '77', 'G': '88'}",Corey Perry,Mark Friedman,,,2021-10-13T00:15:47Z,"{'x': -9.0, 'y': -39.0}",2021,10,12,20:15:47,-9.0,-39.0
102,1,EV,17:24,2:36,HIT,"PIT #11 BOYLE HIT TBL #79 COLTON, Def. Zone","{'C': '18', 'L': '10', 'D1': '6', 'D2': '28', 'G': '35'}","{'C': '79', 'R': '10', 'D1': '24', 'D2': '98', 'G': '88'}",Brian Boyle,Ross Colton,,,2021-10-13T00:16:01Z,"{'x': 64.0, 'y': -16.0}",2021,10,12,20:16:01,64.0,-16.0
103,1,EV,17:39,2:21,BLOCK,"TBL #10 PERRY BLOCKED BY  PIT #28 PETTERSSON, Wrist, Def. Zone","{'C': '18', 'L': '10', 'D1': '6', 'D2': '28', 'G': '35'}","{'C': '79', 'R': '10', 'D1': '24', 'D2': '98', 'G': '88'}",Marcus Pettersson,Corey Perry,,,2021-10-13T00:16:16Z,"{'x': 72.0, 'y': 4.0}",2021,10,12,20:16:16,72.0,4.0
104,1,EV,17:45,2:15,BLOCK,"TBL #98 SERGACHEV BLOCKED BY  PIT #10 O'CONNOR, Slap, Def. Zone","{'C': '18', 'L': '10', 'D1': '6', 'D2': '28', 'G': '35'}","{'C': '79', 'R': '10', 'D1': '24', 'D2': '98', 'G': '88'}",Drew O'Connor,Mikhail Sergachev,,,2021-10-13T00:16:22Z,"{'x': 76.0, 'y': -1.0}",2021,10,12,20:16:22,76.0,-1.0
105,1,,17:47,2:13,STOP,ICING,"{'C': '18', 'L': '10', 'D1': '6', 'D2': '28', 'G': '35'}","{'C': '91', 'D1': '77', 'D2': '98', 'G': '88'}",,,,,2021-10-13T00:16:24Z,{},2021,10,12,20:16:24,,
106,1,EV,17:47,2:13,FAC,TBL won Off. Zone - PIT #18 LAFFERTY vs TBL #71 CIRELLI,"{'C': '18', 'L': '10', 'D1': '6', 'D2': '28', 'G': '35'}","{'C': '91', 'D1': '77', 'D2': '98', 'G': '88'}",Anthony Cirelli,Sam Lafferty,,,2021-10-13T00:16:57Z,"{'x': 69.0, 'y': 22.0}",2021,10,12,20:16:57,69.0,22.0
107,1,,17:59,2:01,STOP,OFFSIDE,"{'C': '18', 'L': '10', 'D1': '6', 'D2': '28', 'G': '35'}","{'C': '91', 'D1': '77', 'D2': '98', 'G': '88'}",,,,,2021-10-13T00:17:09Z,{},2021,10,12,20:17:09,,
108,1,EV,17:59,2:01,FAC,PIT won Neu. Zone - PIT #9 RODRIGUES vs TBL #91 STAMKOS,"{'C': '9', 'R': '42', 'L': '16', 'D1': '8', 'D2': '58', 'G': '35'}","{'C': '91', 'D1': '44', 'D2': '77', 'G': '88'}",Evan Rodrigues,Steven Stamkos,,,2021-10-13T00:17:37Z,"{'x': 20.0, 'y': -22.0}",2021,10,12,20:17:37,20.0,-22.0
109,1,EV,18:30,1:30,SHOT,"PIT ONGOAL - #16 ZUCKER, Wrist, Off. Zone, 31 ft.","{'C': '9', 'R': '42', 'L': '16', 'D1': '8', 'D2': '58', 'G': '35'}","{'C': '91', 'D1': '44', 'D2': '77', 'G': '88'}",Jason Zucker,Andrei Vasilevskiy,,,2021-10-13T00:18:08Z,"{'x': -75.0, 'y': 28.0}",2021,10,12,20:18:08,-75.0,28.0
110,1,EV,18:41,1:19,SHOT,"PIT ONGOAL - #9 RODRIGUES, Wrist, Off. Zone, 8 ft.","{'C': '9', 'R': '42', 'L': '16', 'D1': '8', 'D2': '58', 'G': '35'}","{'C': '91', 'D1': '44', 'D2': '77', 'G': '88'}",Evan Rodrigues,Andrei Vasilevskiy,,,2021-10-13T00:18:19Z,"{'x': -81.0, 'y': 3.0}",2021,10,12,20:18:19,-81.0,3.0
111,1,EV,19:10,0:50,HIT,"PIT #58 LETANG HIT TBL #21 POINT, Def. Zone","{'C': '77', 'R': '17', 'L': '43', 'D1': '28', 'D2': '58', 'G': '35'}","{'C': '21', 'R': '86', 'L': '18', 'D1': '27', 'D2': '81', 'G': '88'}",Kris Letang,Brayden Point,,,2021-10-13T00:18:48Z,"{'x': 97.0, 'y': -23.0}",2021,10,12,20:18:48,97.0,-23.0
112,1,EV,19:24,0:36,HIT,"PIT #43 HEINEN HIT TBL #86 KUCHEROV, Def. Zone","{'C': '77', 'R': '17', 'L': '43', 'D1': '28', 'D2': '58', 'G': '35'}","{'C': '21', 'R': '86', 'L': '18', 'D1': '27', 'D2': '81', 'G': '88'}",Danton Heinen,Nikita Kucherov,,,2021-10-13T00:19:02Z,"{'x': 68.0, 'y': 39.0}",2021,10,12,20:19:02,68.0,39.0
113,1,,19:28,0:32,STOP,ICING,"{'C': '77', 'R': '17', 'L': '43', 'D1': '28', 'D2': '58', 'G': '35'}","{'C': '21', 'R': '86', 'L': '18', 'D1': '27', 'D2': '81', 'G': '88'}",,,,,2021-10-13T00:19:08Z,{},2021,10,12,20:19:08,,
114,1,EV,19:28,0:32,FAC,TBL won Off. Zone - PIT #77 CARTER vs TBL #21 POINT,"{'C': '77', 'R': '17', 'L': '43', 'D1': '28', 'D2': '58', 'G': '35'}","{'C': '21', 'R': '86', 'L': '18', 'D1': '27', 'D2': '81', 'G': '88'}",Brayden Point,Jeff Carter,,,2021-10-13T00:19:41Z,"{'x': 69.0, 'y': -22.0}",2021,10,12,20:19:41,69.0,-22.0
115,1,EV,19:39,0:21,SHOT,"TBL ONGOAL - #81 CERNAK, Slap, Off. Zone, 40 ft.","{'C': '77', 'R': '17', 'L': '43', 'D1': '28', 'D2': '58', 'G': '35'}","{'C': '21', 'R': '86', 'L': '18', 'D1': '27', 'D2': '81', 'G': '88'}",Erik Cernak,Tristan Jarry,,,2021-10-13T00:19:51Z,"{'x': 51.0, 'y': -15.0}",2021,10,12,20:19:51,51.0,-15.0
116,1,,19:39,0:21,STOP,GOALIE STOPPED (AFTER SOG),"{'C': '77', 'R': '17', 'L': '43', 'D1': '28', 'D2': '58', 'G': '35'}","{'C': '21', 'R': '86', 'L': '18', 'D1': '27', 'D2': '81', 'G': '88'}",,,,,,,,,,,,
117,1,EV,19:39,0:21,FAC,TBL won Off. Zone - PIT #53 BLUEGER vs TBL #71 CIRELLI,"{'C': '77', 'R': '17', 'D1': '6', 'D2': '8', 'G': '35'}","{'C': '91', 'D1': '24', 'D2': '98', 'G': '88'}",Anthony Cirelli,Teddy Blueger,,,2021-10-13T00:20:47Z,"{'x': 69.0, 'y': -22.0}",2021,10,12,20:20:47,69.0,-22.0
118,1,EV,19:51,0:09,SHOT,"PIT ONGOAL - #17 RUST, Wrist, Off. Zone, 45 ft.","{'C': '77', 'R': '17', 'D1': '6', 'D2': '8', 'G': '35'}","{'C': '91', 'D1': '24', 'D2': '98', 'G': '88'}",Bryan Rust,Andrei Vasilevskiy,,,2021-10-13T00:20:59Z,"{'x': -50.0, 'y': 24.0}",2021,10,12,20:20:59,-50.0,24.0
119,1,,20:00,0:00,PEND,Period End- Local time: 8:21 EDT,"{'C': '77', 'R': '17', 'D1': '6', 'D2': '8', 'G': '35'}","{'C': '91', 'D1': '24', 'D2': '98', 'G': '88'}",,,,,2021-10-13T00:21:07Z,{},2021,10,12,20:21:07,,
120,2,,00:00,20:00,PSTR,Period Start- Local time: 8:40 EDT,"{'C': '77', 'R': '17', 'L': '43', 'D1': '8', 'D2': '58', 'G': '35'}","{'C': '21', 'R': '86', 'L': '18', 'D1': '27', 'D2': '81', 'G': '88'}",,,,,2021-10-13T00:40:21Z,{},2021,10,12,20:40:21,,
121,2,EV,00:00,20:00,FAC,PIT won Neu. Zone - PIT #77 CARTER vs TBL #21 POINT,"{'C': '77', 'R': '17', 'L': '43', 'D1': '8', 'D2': '58', 'G': '35'}","{'C': '21', 'R': '86', 'L': '18', 'D1': '27', 'D2': '81', 'G': '88'}",Jeff Carter,Brayden Point,,,2021-10-13T00:40:21Z,"{'x': 0.0, 'y': 0.0}",2021,10,12,20:40:21,0.0,0.0
122,2,EV,00:09,19:51,GIVE,"TBL GIVEAWAY - #88 VASILEVSKIY, Def. Zone","{'C': '77', 'R': '17', 'L': '43', 'D1': '8', 'D2': '58', 'G': '35'}","{'C': '21', 'R': '86', 'L': '18', 'D1': '27', 'D2': '81', 'G': '88'}",Andrei Vasilevskiy,,,,2021-10-13T00:40:30Z,"{'x': 98.0, 'y': -5.0}",2021,10,12,20:40:30,98.0,-5.0
123,2,EV,00:12,19:48,GOAL,"PIT #43 HEINEN(1), Snap, Off. Zone, 17 ft.Assist: #77 CARTER(1)","{'C': '77', 'R': '17', 'L': '43', 'D1': '8', 'D2': '58', 'G': '35'}","{'C': '21', 'R': '86', 'L': '18', 'D1': '27', 'D2': '81', 'G': '88'}",Danton Heinen,Jeff Carter,Andrei Vasilevskiy,,2021-10-13T00:40:33Z,"{'x': 74.0, 'y': -9.0}",2021,10,12,20:40:33,74.0,-9.0
124,2,EV,00:12,19:48,FAC,TBL won Neu. Zone - PIT #77 CARTER vs TBL #91 STAMKOS,"{'C': '77', 'R': '17', 'L': '43', 'D1': '8', 'D2': '58', 'G': '35'}","{'C': '91', 'D1': '27', 'D2': '81', 'G': '88'}",Steven Stamkos,Jeff Carter,,,2021-10-13T00:41:13Z,"{'x': 0.0, 'y': 0.0}",2021,10,12,20:41:13,0.0,0.0
125,2,,00:21,19:39,STOP,PUCK IN NETTING,"{'C': '77', 'R': '17', 'L': '43', 'D1': '8', 'D2': '58', 'G': '35'}","{'C': '91', 'D1': '27', 'D2': '81', 'G': '88'}",,,,,2021-10-13T00:41:22Z,{},2021,10,12,20:41:22,,
126,2,EV,00:21,19:39,FAC,TBL won Neu. Zone - PIT #77 CARTER vs TBL #91 STAMKOS,"{'C': '77', 'R': '17', 'L': '43', 'D1': '8', 'D2': '58', 'G': '35'}","{'C': '91', 'D1': '27', 'D2': '81', 'G': '88'}",Steven Stamkos,Jeff Carter,,,2021-10-13T00:41:42Z,"{'x': 0.0, 'y': 0.0}",2021,10,12,20:41:42,0.0,0.0
127,2,EV,00:31,19:29,HIT,"PIT #8 DUMOULIN HIT TBL #81 CERNAK, Def. Zone","{'C': '77', 'R': '17', 'L': '43', 'D1': '8', 'D2': '58', 'G': '35'}","{'C': '91', 'D1': '27', 'D2': '81', 'G': '88'}",Brian Dumoulin,Erik Cernak,,,2021-10-13T00:41:52Z,"{'x': -53.0, 'y': 41.0}",2021,10,12,20:41:52,-53.0,41.0
128,2,EV,1:41,18:19,BLOCK,"PIT #28 PETTERSSON BLOCKED BY  TBL #86 KUCHEROV, Wrist, Def. Zone","{'C': '53', 'L': '16', 'D1': '6', 'D2': '28', 'G': '35'}","{'C': '21', 'R': '86', 'D1': '27', 'D2': '81', 'G': '88'}",,,,,,,,,,,,
129,2,EV,1:47,18:13,HIT,"PIT #49 SIMON HIT TBL #21 POINT, Off. Zone","{'C': '53', 'L': '16', 'D1': '6', 'D2': '28', 'G': '35'}","{'C': '21', 'R': '86', 'D1': '27', 'D2': '81', 'G': '88'}",,,,,,,,,,,,
130,2,EV,2:04,17:56,MISS,"PIT #58 LETANG, Wrist, Wide of Net, Off. Zone, 35 ft.","{'C': '9', 'R': '42', 'L': '16', 'D1': '6', 'D2': '58', 'G': '35'}","{'C': '21', 'R': '86', 'D1': '27', 'D2': '81', 'G': '88'}",,,,,,,,,,,,
131,2,EV,2:18,17:42,SHOT,"PIT ONGOAL - #8 DUMOULIN, Wrist, Off. Zone, 28 ft.","{'C': '9', 'R': '42', 'L': '16', 'D1': '8', 'D2': '58', 'G': '35'}","{'C': '21', 'R': '86', 'D1': '27', 'D2': '81', 'G': '88'}",,,,,,,,,,,,
132,2,EV,2:19,17:41,HIT,"TBL #86 KUCHEROV HIT PIT #9 RODRIGUES, Def. Zone","{'C': '9', 'R': '42', 'L': '16', 'D1': '8', 'D2': '58', 'G': '35'}","{'C': '21', 'R': '86', 'D1': '27', 'D2': '81', 'G': '88'}",,,,,,,,,,,,
133,2,EV,2:26,17:34,MISS,"PIT #8 DUMOULIN, Wrist, Wide of Net, Off. Zone, 24 ft.","{'C': '9', 'R': '42', 'L': '16', 'D1': '8', 'D2': '58', 'G': '35'}","{'C': '21', 'R': '86', 'D1': '27', 'D2': '81', 'G': '88'}",,,,,,,,,,,,
134,2,EV,2:45,17:15,HIT,"PIT #42 KAPANEN HIT TBL #14 MAROON, Def. Zone","{'C': '9', 'R': '42', 'L': '16', 'D1': '8', 'D2': '58', 'G': '35'}","{'C': '79', 'R': '7', 'L': '14', 'D1': '24', 'D2': '98', 'G': '88'}",,,,,,,,,,,,
135,2,EV,3:09,16:51,HIT,"PIT #18 LAFFERTY HIT TBL #98 SERGACHEV, Off. Zone","{'C': '18', 'L': '10', 'D1': '2', 'D2': '52', 'G': '35'}","{'C': '79', 'R': '7', 'L': '14', 'D1': '24', 'D2': '98', 'G': '88'}",,,,,,,,,,,,
136,2,EV,3:13,16:47,BLOCK,"TBL #79 COLTON BLOCKED BY  PIT #52 FRIEDMAN, Wrist, Def. Zone","{'C': '18', 'L': '10', 'D1': '2', 'D2': '52', 'G': '35'}","{'C': '79', 'R': '7', 'L': '14', 'D1': '24', 'D2': '98', 'G': '88'}",,,,,,,,,,,,
137,2,,3:13,16:47,STOP,PUCK IN NETTING,"{'C': '18', 'L': '10', 'D1': '2', 'D2': '52', 'G': '35'}","{'C': '79', 'R': '7', 'L': '14', 'D1': '24', 'D2': '98', 'G': '88'}",,,,,,,,,,,,
138,2,EV,3:13,16:47,FAC,PIT won Def. Zone - PIT #77 CARTER vs TBL #71 CIRELLI,"{'C': '77', 'R': '17', 'L': '43', 'D1': '2', 'D2': '52', 'G': '35'}","{'C': '91', 'D1': '24', 'D2': '98', 'G': '88'}",,,,,,,,,,,,
139,2,EV,3:43,16:17,GIVE,"TBL GIVEAWAY - #24 BOGOSIAN, Def. Zone","{'C': '77', 'L': '43', 'D1': '2', 'D2': '6', 'G': '35'}","{'C': '91', 'D1': '24', 'D2': '98', 'G': '88'}",,,,,,,,,,,,
140,2,EV,3:45,16:15,MISS,"PIT #18 LAFFERTY, Wrist, Wide of Net, Off. Zone, 20 ft.","{'C': '77', 'L': '43', 'D1': '2', 'D2': '6', 'G': '35'}","{'C': '91', 'D1': '24', 'D2': '98', 'G': '88'}",,,,,,,,,,,,
141,2,EV,4:11,15:49,GOAL,"PIT #11 BOYLE(1), Wrist, Off. Zone, 17 ft.Assists: #18 LAFFERTY(1); #10 O'CONNOR(1)","{'C': '18', 'L': '10', 'D1': '6', 'D2': '28', 'G': '35'}","{'C': '91', 'R': '16', 'D1': '24', 'D2': '98', 'G': '88'}",,,,,,,,,,,,
142,2,EV,4:11,15:49,FAC,PIT won Neu. Zone - PIT #53 BLUEGER vs TBL #41 BELLEMARE,"{'C': '53', 'L': '23', 'D1': '8', 'D2': '58', 'G': '35'}","{'R': '16', 'L': '41', 'D1': '44', 'D2': '77', 'G': '88'}",,,,,,,,,,,,
143,2,EV,4:33,15:27,HIT,"PIT #23 MCGINN HIT TBL #44 RUTTA, Off. Zone","{'C': '53', 'L': '23', 'D1': '8', 'D2': '58', 'G': '35'}","{'R': '16', 'L': '41', 'D1': '44', 'D2': '77', 'G': '88'}",,,,,,,,,,,,
144,2,EV,4:39,15:21,SHOT,"TBL ONGOAL - #41 BELLEMARE, Backhand, Off. Zone, 9 ft.","{'C': '53', 'L': '23', 'D1': '8', 'D2': '58', 'G': '35'}","{'R': '16', 'L': '41', 'D1': '44', 'D2': '77', 'G': '88'}",,,,,,,,,,,,
145,2,EV,4:50,15:10,MISS,"TBL #77 HEDMAN, Wrist, Wide of Net, Off. Zone, 55 ft.","{'C': '53', 'L': '23', 'D1': '8', 'D2': '58', 'G': '35'}","{'R': '16', 'L': '41', 'D1': '44', 'D2': '77', 'G': '88'}",,,,,,,,,,,,
146,2,EV,5:08,14:52,SHOT,"TBL ONGOAL - #77 HEDMAN, Wrist, Def. Zone, 121 ft.","{'C': '9', 'R': '42', 'L': '16', 'D1': '6', 'D2': '28', 'G': '35'}","{'C': '21', 'R': '86', 'L': '18', 'D1': '44', 'D2': '77', 'G': '88'}",,,,,,,,,,,,
147,2,EV,5:20,14:40,HIT,"TBL #24 BOGOSIAN HIT PIT #42 KAPANEN, Def. Zone","{'C': '9', 'R': '42', 'L': '16', 'D1': '6', 'D2': '28', 'G': '35'}","{'C': '21', 'R': '86', 'L': '18', 'D1': '24', 'D2': '98', 'G': '88'}",,,,,,,,,,,,
148,2,,5:24,14:36,STOP,PUCK FROZEN,"{'C': '9', 'R': '42', 'L': '16', 'D1': '6', 'D2': '28', 'G': '35'}","{'C': '21', 'R': '86', 'L': '18', 'D1': '24', 'D2': '98', 'G': '88'}",,,,,,,,,,,,
149,2,EV,5:24,14:36,FAC,PIT won Off. Zone - PIT #77 CARTER vs TBL #21 POINT,"{'C': '77', 'R': '17', 'L': '43', 'D1': '6', 'D2': '28', 'G': '35'}","{'C': '21', 'R': '86', 'L': '18', 'D1': '44', 'D2': '77', 'G': '88'}",,,,,,,,,,,,
150,2,EV,5:34,14:26,MISS,"PIT #17 RUST, Wrist, Wide of Net, Off. Zone, 26 ft.","{'C': '77', 'R': '17', 'L': '43', 'D1': '6', 'D2': '28', 'G': '35'}","{'C': '21', 'R': '86', 'L': '18', 'D1': '44', 'D2': '77', 'G': '88'}",,,,,,,,,,,,
151,2,EV,5:51,14:09,HIT,"PIT #43 HEINEN HIT TBL #77 HEDMAN, Off. Zone","{'C': '77', 'R': '17', 'L': '43', 'D1': '6', 'D2': '28', 'G': '35'}","{'C': '21', 'R': '86', 'L': '18', 'D1': '44', 'D2': '77', 'G': '88'}",,,,,,,,,,,,
152,2,EV,6:11,13:49,SHOT,"TBL ONGOAL - #24 BOGOSIAN, Slap, Off. Zone, 53 ft.","{'C': '9', 'R': '17', 'L': '43', 'D1': '6', 'D2': '28', 'G': '35'}","{'C': '21', 'R': '86', 'L': '18', 'D1': '24', 'D2': '77', 'G': '88'}",,,,,,,,,,,,
153,2,EV,6:57,13:03,HIT,"PIT #52 FRIEDMAN HIT TBL #79 COLTON, Neu. Zone","{'C': '9', 'R': '42', 'L': '16', 'D1': '2', 'D2': '52', 'G': '35'}","{'C': '91', 'L': '14', 'D1': '24', 'D2': '98', 'G': '88'}",,,,,,,,,,,,
154,2,EV,7:05,12:55,SHOT,"PIT ONGOAL - #9 RODRIGUES, Wrist, Off. Zone, 43 ft.","{'C': '9', 'R': '42', 'L': '16', 'D1': '2', 'D2': '52', 'G': '35'}","{'C': '91', 'L': '14', 'D1': '24', 'D2': '98', 'G': '88'}",,,,,,,,,,,,
155,2,EV,7:29,12:31,MISS,"TBL #81 CERNAK, Wrist, Wide of Net, Off. Zone, 44 ft.","{'C': '53', 'R': '42', 'L': '16', 'D1': '2', 'D2': '52', 'G': '35'}","{'C': '91', 'L': '14', 'D1': '27', 'D2': '81', 'G': '88'}",,,,,,,,,,,,
156,2,EV,7:30,12:30,SHOT,"TBL ONGOAL - #27 MCDONAGH, Slap, Off. Zone, 40 ft.","{'C': '53', 'R': '42', 'L': '16', 'D1': '2', 'D2': '52', 'G': '35'}","{'C': '91', 'L': '14', 'D1': '27', 'D2': '81', 'G': '88'}",,,,,,,,,,,,
157,2,,7:31,12:29,STOP,"GOALIE STOPPED (AFTER SOG),TV TIMEOUT","{'C': '53', 'L': '23', 'D1': '8', 'D2': '58', 'G': '35'}","{'C': '91', 'L': '14', 'D1': '27', 'D2': '81', 'G': '88'}",,,,,,,,,,,,
158,2,EV,7:31,12:29,FAC,PIT won Def. Zone - PIT #18 LAFFERTY vs TBL #41 BELLEMARE,"{'C': '53', 'L': '23', 'D1': '8', 'D2': '58', 'G': '35'}","{'R': '16', 'L': '41', 'D1': '44', 'D2': '77', 'G': '88'}",,,,,,,,,,,,
159,2,,7:53,12:07,STOP,HAND PASS,"{'C': '53', 'L': '23', 'D1': '8', 'D2': '58', 'G': '35'}","{'R': '16', 'L': '41', 'D1': '44', 'D2': '77', 'G': '88'}",,,,,,,,,,,,
160,2,EV,7:53,12:07,FAC,PIT won Neu. Zone - PIT #18 LAFFERTY vs TBL #21 POINT,"{'C': '18', 'L': '10', 'D1': '8', 'D2': '58', 'G': '35'}","{'C': '21', 'R': '86', 'L': '18', 'D1': '44', 'D2': '77', 'G': '88'}",,,,,,,,,,,,
161,2,EV,8:08,11:52,HIT,"TBL #18 PALAT HIT PIT #58 LETANG, Off. Zone","{'C': '18', 'L': '10', 'D1': '8', 'D2': '58', 'G': '35'}","{'C': '21', 'R': '86', 'L': '18', 'D1': '44', 'D2': '77', 'G': '88'}",,,,,,,,,,,,
162,2,EV,8:42,11:18,SHOT,"PIT ONGOAL - #43 HEINEN, Wrap-around, Off. Zone, 8 ft.","{'C': '77', 'R': '17', 'L': '43', 'D1': '6', 'D2': '28', 'G': '35'}","{'C': '21', 'R': '86', 'L': '14', 'D1': '27', 'D2': '81', 'G': '88'}",,,,,,,,,,,,
163,2,,8:42,11:18,STOP,GOALIE STOPPED (AFTER SOG),"{'C': '77', 'R': '17', 'L': '43', 'D1': '6', 'D2': '28', 'G': '35'}","{'C': '21', 'R': '86', 'L': '14', 'D1': '27', 'D2': '81', 'G': '88'}",,,,,,,,,,,,
164,2,EV,8:42,11:18,FAC,TBL won Def. Zone - PIT #17 RUST vs TBL #91 STAMKOS,"{'C': '77', 'R': '17', 'L': '43', 'D1': '6', 'D2': '28', 'G': '35'}","{'C': '91', 'D1': '27', 'D2': '81', 'G': '88'}",,,,,,,,,,,,
165,2,EV,9:00,11:00,SHOT,"PIT ONGOAL - #43 HEINEN, Wrist, Off. Zone, 18 ft.","{'C': '77', 'R': '17', 'L': '43', 'D1': '6', 'D2': '28', 'G': '35'}","{'C': '91', 'D1': '27', 'D2': '81', 'G': '88'}",,,,,,,,,,,,
166,2,EV,9:10,10:50,TAKE,"TBL TAKEAWAY - #17 KILLORN, Def. Zone","{'C': '77', 'R': '17', 'L': '43', 'D1': '6', 'D2': '28', 'G': '35'}","{'C': '91', 'D1': '27', 'D2': '81', 'G': '88'}",,,,,,,,,,,,
167,2,EV,9:43,10:17,HIT,"TBL #14 MAROON HIT PIT #9 RODRIGUES, Off. Zone","{'C': '9', 'L': '43', 'D1': '6', 'D2': '28', 'G': '35'}","{'C': '91', 'L': '14', 'D1': '24', 'D2': '98', 'G': '88'}",,,,,,,,,,,,
168,2,EV,9:45,10:15,SHOT,"PIT ONGOAL - #16 ZUCKER, Wrist, Off. Zone, 16 ft.","{'C': '9', 'L': '43', 'D1': '6', 'D2': '28', 'G': '35'}","{'C': '91', 'L': '14', 'D1': '24', 'D2': '98', 'G': '88'}",,,,,,,,,,,,
169,2,EV,10:17,9:43,SHOT,"PIT ONGOAL - #16 ZUCKER, Snap, Off. Zone, 17 ft.","{'C': '9', 'R': '42', 'L': '16', 'D1': '2', 'D2': '52', 'G': '35'}","{'C': '79', 'R': '7', 'L': '14', 'D1': '44', 'D2': '77', 'G': '88'}",Jason Zucker,Andrei Vasilevskiy,,,2021-10-13T00:57:28Z,"{'x': 74.0, 'y': 9.0}",2021,10,12,20:57:28,74.0,9.0
170,2,,10:28,9:32,STOP,ICING,"{'C': '18', 'L': '10', 'D1': '2', 'D2': '52', 'G': '35'}","{'C': '79', 'R': '7', 'L': '14', 'D1': '44', 'D2': '77', 'G': '88'}",,,,,2021-10-13T00:57:38Z,{},2021,10,12,20:57:38,,
171,2,EV,10:28,9:32,FAC,TBL won Off. Zone - PIT #18 LAFFERTY vs TBL #21 POINT,"{'C': '18', 'L': '10', 'D1': '2', 'D2': '52', 'G': '35'}","{'C': '21', 'R': '86', 'L': '18', 'D1': '77', 'D2': '98', 'G': '88'}",Brayden Point,Sam Lafferty,,,2021-10-13T00:58:09Z,"{'x': -69.0, 'y': 22.0}",2021,10,12,20:58:09,-69.0,22.0
172,2,EV,10:30,9:30,MISS,"TBL #86 KUCHEROV, Wrist, Wide of Net, Off. Zone, 38 ft.","{'C': '18', 'L': '10', 'D1': '2', 'D2': '52', 'G': '35'}","{'C': '21', 'R': '86', 'L': '18', 'D1': '77', 'D2': '98', 'G': '88'}",Nikita Kucherov,Tristan Jarry,,,2021-10-13T00:58:11Z,"{'x': -59.0, 'y': 24.0}",2021,10,12,20:58:11,-59.0,24.0
173,2,EV,10:32,9:28,BLOCK,"TBL #77 HEDMAN BLOCKED BY  PIT #10 O'CONNOR, Wrist, Def. Zone","{'C': '18', 'L': '10', 'D1': '2', 'D2': '52', 'G': '35'}","{'C': '21', 'R': '86', 'L': '18', 'D1': '77', 'D2': '98', 'G': '88'}",Drew O'Connor,Victor Hedman,,,2021-10-13T00:58:13Z,"{'x': -80.0, 'y': -2.0}",2021,10,12,20:58:13,-80.0,-2.0
174,2,,10:33,9:27,STOP,"PUCK IN NETTING,TV TIMEOUT","{'C': '18', 'L': '10', 'D1': '2', 'D2': '52', 'G': '35'}","{'C': '21', 'R': '86', 'L': '18', 'D1': '77', 'D2': '98', 'G': '88'}",,,,,2021-10-13T00:58:14Z,{},2021,10,12,20:58:14,,
175,2,EV,10:33,9:27,FAC,TBL won Off. Zone - PIT #53 BLUEGER vs TBL #21 POINT,"{'C': '53', 'L': '23', 'D1': '8', 'D2': '58', 'G': '35'}","{'C': '21', 'R': '86', 'L': '18', 'D1': '77', 'D2': '98', 'G': '88'}",Brayden Point,Teddy Blueger,,,2021-10-13T01:00:46Z,"{'x': -69.0, 'y': -22.0}",2021,10,12,21:00:46,-69.0,-22.0
176,2,EV,10:57,9:03,GIVE,"TBL GIVEAWAY - #98 SERGACHEV, Def. Zone","{'C': '53', 'L': '23', 'D1': '8', 'D2': '58', 'G': '35'}","{'C': '21', 'R': '86', 'L': '18', 'D1': '77', 'D2': '98', 'G': '88'}",Mikhail Sergachev,,,,2021-10-13T01:01:10Z,"{'x': 79.0, 'y': 38.0}",2021,10,12,21:01:10,79.0,38.0
177,2,EV,11:06,8:54,BLOCK,"PIT #23 MCGINN BLOCKED BY  TBL #77 HEDMAN, Wrist, Def. Zone","{'C': '53', 'L': '23', 'D1': '8', 'D2': '58', 'G': '35'}","{'C': '21', 'R': '86', 'L': '18', 'D1': '77', 'D2': '98', 'G': '88'}",Victor Hedman,Brock McGinn,,,2021-10-13T01:01:19Z,"{'x': 79.0, 'y': 0.0}",2021,10,12,21:01:19,79.0,0.0
178,2,EV,11:18,8:42,SHOT,"PIT ONGOAL - #23 MCGINN, Deflected, Off. Zone, 23 ft.","{'C': '53', 'L': '23', 'D1': '6', 'D2': '58', 'G': '35'}","{'C': '21', 'R': '86', 'L': '18', 'D1': '77', 'D2': '98', 'G': '88'}",Brock McGinn,Andrei Vasilevskiy,,,2021-10-13T01:01:31Z,"{'x': 66.0, 'y': -1.0}",2021,10,12,21:01:31,66.0,-1.0
179,2,EV,11:41,8:19,HIT,"PIT #6 MARINO HIT TBL #41 BELLEMARE, Def. Zone","{'C': '49', 'L': '10', 'D1': '6', 'D2': '28', 'G': '35'}","{'R': '16', 'L': '41', 'D1': '27', 'D2': '81', 'G': '88'}",John Marino,Pierre-Edouard Bellemare,,,2021-10-13T01:01:54Z,"{'x': -43.0, 'y': -39.0}",2021,10,12,21:01:54,-43.0,-39.0
180,2,EV,12:09,7:51,BLOCK,"TBL #41 BELLEMARE BLOCKED BY  PIT #11 BOYLE, Wrist, Def. Zone","{'C': '18', 'L': '10', 'D1': '6', 'D2': '28', 'G': '35'}","{'R': '16', 'L': '41', 'D1': '27', 'D2': '81', 'G': '88'}",Brian Boyle,Pierre-Edouard Bellemare,,,2021-10-13T01:02:22Z,"{'x': -77.0, 'y': -17.0}",2021,10,12,21:02:22,-77.0,-17.0
181,2,EV,12:10,7:50,HIT,"PIT #11 BOYLE HIT TBL #41 BELLEMARE, Def. Zone","{'C': '18', 'L': '10', 'D1': '6', 'D2': '28', 'G': '35'}","{'R': '16', 'L': '41', 'D1': '27', 'D2': '81', 'G': '88'}",Brian Boyle,Pierre-Edouard Bellemare,,,2021-10-13T01:02:23Z,"{'x': -93.0, 'y': -21.0}",2021,10,12,21:02:23,-93.0,-21.0
182,2,EV,12:23,7:37,HIT,"TBL #27 MCDONAGH HIT PIT #18 LAFFERTY, Def. Zone","{'C': '18', 'L': '10', 'D1': '2', 'D2': '52', 'G': '35'}","{'R': '16', 'L': '41', 'D1': '27', 'D2': '81', 'G': '88'}",Ryan McDonagh,Sam Lafferty,,,2021-10-13T01:02:36Z,"{'x': 98.0, 'y': 15.0}",2021,10,12,21:02:36,98.0,15.0
183,2,EV,12:27,7:33,HIT,"TBL #81 CERNAK HIT PIT #11 BOYLE, Def. Zone","{'C': '18', 'L': '43', 'D1': '2', 'D2': '52', 'G': '35'}","{'R': '16', 'L': '41', 'D1': '27', 'D2': '81', 'G': '88'}",Erik Cernak,Brian Boyle,,,2021-10-13T01:02:40Z,"{'x': 85.0, 'y': 36.0}",2021,10,12,21:02:40,85.0,36.0
184,2,EV,12:56,7:04,PENL,"PIT #43 HEINEN Tripping(2 min), Def. Zone Drawn By: TBL #17 KILLORN","{'C': '77', 'R': '17', 'L': '43', 'D1': '2', 'D2': '52', 'G': '35'}","{'C': '91', 'R': '86', 'D1': '77', 'G': '88'}",Danton Heinen,Alex Killorn,,,2021-10-13T01:03:08Z,"{'x': -43.0, 'y': 38.0}",2021,10,12,21:03:08,-43.0,38.0
185,2,PP,12:56,7:04,FAC,TBL won Off. Zone - PIT #53 BLUEGER vs TBL #91 STAMKOS,"{'C': '53', 'L': '23', 'D1': '6', 'D2': '8', 'G': '35'}","{'C': '91', 'R': '86', 'D1': '77', 'G': '88'}",Steven Stamkos,Teddy Blueger,,,2021-10-13T01:04:08Z,"{'x': -69.0, 'y': 22.0}",2021,10,12,21:04:08,-69.0,22.0
186,2,PP,13:16,6:44,MISS,"TBL #21 POINT, Wrist, Wide of Net, Off. Zone, 17 ft.","{'C': '53', 'L': '23', 'D1': '6', 'D2': '8', 'G': '35'}","{'C': '91', 'R': '86', 'D1': '77', 'G': '88'}",Brayden Point,Tristan Jarry,,,2021-10-13T01:04:29Z,"{'x': -72.0, 'y': 5.0}",2021,10,12,21:04:29,-72.0,5.0
187,2,PP,13:24,6:36,SHOT,"TBL ONGOAL - #21 POINT, Wrist, Off. Zone, 23 ft.","{'C': '53', 'L': '23', 'D1': '6', 'D2': '8', 'G': '35'}","{'C': '91', 'R': '86', 'D1': '77', 'G': '88'}",Brayden Point,Tristan Jarry,,,2021-10-13T01:04:37Z,"{'x': -66.0, 'y': 2.0}",2021,10,12,21:04:37,-66.0,2.0
188,2,,14:19,5:41,STOP,SKATER PUCK FROZEN,"{'C': '53', 'L': '23', 'D1': '6', 'D2': '8', 'G': '35'}","{'C': '71', 'R': '10', 'L': '18', 'D1': '98', 'G': '88'}",,,,,2021-10-13T01:05:32Z,{},2021,10,12,21:05:32,,
189,2,SH,14:19,5:41,FAC,PIT won Def. Zone - PIT #18 LAFFERTY vs TBL #14 MAROON,"{'C': '18', 'D1': '6', 'D2': '8', 'G': '35'}","{'C': '71', 'R': '10', 'L': '18', 'D1': '98', 'G': '88'}",Sam Lafferty,Pat Maroon,,,2021-10-13T01:06:12Z,"{'x': -69.0, 'y': -22.0}",2021,10,12,21:06:12,-69.0,-22.0
190,2,,14:25,5:35,STOP,PUCK IN BENCHES,"{'C': '18', 'D1': '6', 'D2': '8', 'G': '35'}","{'C': '71', 'R': '10', 'L': '18', 'D1': '98', 'G': '88'}",,,,,2021-10-13T01:06:18Z,{},2021,10,12,21:06:18,,
191,2,PP,14:25,5:35,FAC,TBL won Off. Zone - PIT #11 BOYLE vs TBL #91 STAMKOS,"{'C': '18', 'D1': '6', 'D2': '8', 'G': '35'}","{'C': '91', 'R': '86', 'D1': '77', 'G': '88'}",Steven Stamkos,Brian Boyle,,,2021-10-13T01:06:48Z,"{'x': -69.0, 'y': 22.0}",2021,10,12,21:06:48,-69.0,22.0
192,2,EV,14:58,5:02,MISS,"TBL #77 HEDMAN, Slap, Wide of Net, Off. Zone, 53 ft.","{'C': '11', 'R': '17', 'L': '43', 'D1': '6', 'D2': '8', 'G': '35'}","{'C': '91', 'R': '86', 'D1': '77', 'G': '88'}",Victor Hedman,Tristan Jarry,,,2021-10-13T01:07:21Z,"{'x': -45.0, 'y': 31.0}",2021,10,12,21:07:21,-45.0,31.0
193,2,EV,15:00,5:00,SHOT,"TBL ONGOAL - #17 KILLORN, Wrist, Off. Zone, 12 ft.","{'C': '11', 'R': '17', 'L': '43', 'D1': '6', 'D2': '8', 'G': '35'}","{'C': '91', 'R': '86', 'D1': '77', 'G': '88'}",Alex Killorn,Tristan Jarry,,,2021-10-13T01:07:23Z,"{'x': -77.0, 'y': -2.0}",2021,10,12,21:07:23,-77.0,-2.0
194,2,EV,15:01,4:59,SHOT,"TBL ONGOAL - #21 POINT, Backhand, Off. Zone, 10 ft.","{'C': '11', 'R': '17', 'L': '43', 'D1': '6', 'D2': '8', 'G': '35'}","{'C': '91', 'R': '86', 'D1': '77', 'G': '88'}",Brayden Point,Tristan Jarry,,,2021-10-13T01:07:24Z,"{'x': -81.0, 'y': 6.0}",2021,10,12,21:07:24,-81.0,6.0
195,2,,15:02,4:58,STOP,"GOALIE STOPPED (AFTER SOG),TV TIMEOUT","{'C': '11', 'R': '17', 'L': '43', 'D1': '6', 'D2': '8', 'G': '35'}","{'C': '91', 'R': '86', 'D1': '77', 'G': '88'}",,,,,2021-10-13T01:07:25Z,{},2021,10,12,21:07:25,,
196,2,EV,15:02,4:58,FAC,PIT won Def. Zone - PIT #77 CARTER vs TBL #21 POINT,"{'C': '77', 'R': '17', 'L': '43', 'D1': '28', 'D2': '58', 'G': '35'}","{'C': '21', 'R': '86', 'L': '18', 'D1': '81', 'D2': '98', 'G': '88'}",Jeff Carter,Brayden Point,,,2021-10-13T01:09:51Z,"{'x': -69.0, 'y': 22.0}",2021,10,12,21:09:51,-69.0,22.0
197,2,EV,15:21,4:39,BLOCK,"TBL #21 POINT BLOCKED BY  PIT #43 HEINEN, Wrist, Def. Zone","{'C': '77', 'R': '17', 'L': '43', 'D1': '28', 'D2': '58', 'G': '35'}","{'C': '21', 'R': '86', 'L': '18', 'D1': '81', 'D2': '98', 'G': '88'}",Danton Heinen,Brayden Point,,,2021-10-13T01:10:10Z,"{'x': -78.0, 'y': 2.0}",2021,10,12,21:10:10,-78.0,2.0
198,2,EV,15:45,4:15,SHOT,"TBL ONGOAL - #18 PALAT, Wrist, Off. Zone, 40 ft.","{'C': '9', 'R': '42', 'L': '16', 'D1': '2', 'D2': '58', 'G': '35'}","{'C': '21', 'R': '86', 'L': '18', 'D1': '24', 'D2': '27', 'G': '88'}",Ondrej Palat,Tristan Jarry,,,2021-10-13T01:10:34Z,"{'x': -53.0, 'y': -19.0}",2021,10,12,21:10:34,-53.0,-19.0
199,2,EV,16:09,3:51,PENL,"TBL TEAM Too many men/ice - bench(2 min) Served By: #14 MAROON, Off. Zone","{'C': '9', 'R': '42', 'L': '16', 'D1': '2', 'D2': '52', 'G': '35'}","{'C': '79', 'R': '10', 'L': '14', 'D1': '24', 'D2': '27', 'G': '88'}",Pat Maroon,,,,2021-10-13T01:10:58Z,"{'x': -37.0, 'y': 40.0}",2021,10,12,21:10:58,-37.0,40.0
200,2,SH,16:09,3:51,FAC,TBL won Def. Zone - PIT #77 CARTER vs TBL #71 CIRELLI,"{'C': '77', 'R': '42', 'L': '16', 'D1': '58', 'G': '35'}","{'C': '71', 'D1': '27', 'D2': '81', 'G': '88'}",Anthony Cirelli,Jeff Carter,,,2021-10-13T01:12:04Z,"{'x': 69.0, 'y': -22.0}",2021,10,12,21:12:04,69.0,-22.0
201,2,PP,16:32,3:28,HIT,"PIT #16 ZUCKER HIT TBL #81 CERNAK, Off. Zone","{'C': '77', 'R': '42', 'L': '16', 'D1': '58', 'G': '35'}","{'C': '71', 'D1': '27', 'D2': '81', 'G': '88'}",Jason Zucker,Erik Cernak,,,2021-10-13T01:12:27Z,"{'x': 91.0, 'y': 32.0}",2021,10,12,21:12:27,91.0,32.0
202,2,PP,17:25,2:35,BLOCK,"TBL #7 JOSEPH BLOCKED BY  PIT #58 LETANG, Wrist, Def. Zone","{'C': '77', 'R': '17', 'L': '16', 'D1': '58', 'G': '35'}","{'R': '7', 'L': '41', 'D1': '77', 'D2': '98', 'G': '88'}",Kris Letang,Mathieu Joseph,,,2021-10-13T01:13:20Z,"{'x': -77.0, 'y': 7.0}",2021,10,12,21:13:20,-77.0,7.0
203,2,,17:33,2:27,STOP,ICING,"{'C': '18', 'R': '17', 'L': '16', 'D1': '58', 'G': '35'}","{'R': '16', 'L': '41', 'D1': '77', 'D2': '98', 'G': '88'}",,,,,2021-10-13T01:13:29Z,{},2021,10,12,21:13:29,,
204,2,PP,17:33,2:27,FAC,PIT won Def. Zone - PIT #9 RODRIGUES vs TBL #41 BELLEMARE,"{'C': '9', 'R': '17', 'L': '43', 'D1': '58', 'G': '35'}","{'C': '17', 'L': '41', 'D1': '77', 'D2': '98', 'G': '88'}",Evan Rodrigues,Pierre-Edouard Bellemare,,,2021-10-13T01:14:04Z,"{'x': -69.0, 'y': -22.0}",2021,10,12,21:14:04,-69.0,-22.0
205,2,SH,18:03,1:57,BLOCK,"PIT #9 RODRIGUES BLOCKED BY  TBL #77 HEDMAN, Wrist, Def. Zone","{'C': '9', 'L': '43', 'D1': '6', 'D2': '28', 'G': '35'}","{'C': '17', 'L': '41', 'D1': '77', 'D2': '98', 'G': '88'}",Victor Hedman,Evan Rodrigues,,,2021-10-13T01:14:34Z,"{'x': 79.0, 'y': 0.0}",2021,10,12,21:14:34,79.0,0.0
206,2,EV,18:49,1:11,SHOT,"PIT ONGOAL - #53 BLUEGER, Wrist, Off. Zone, 15 ft.","{'C': '53', 'L': '23', 'D1': '2', 'D2': '6', 'G': '35'}","{'C': '21', 'R': '86', 'L': '18', 'D1': '27', 'D2': '81', 'G': '88'}",Teddy Blueger,Andrei Vasilevskiy,,,2021-10-13T01:15:20Z,"{'x': 80.0, 'y': 12.0}",2021,10,12,21:15:20,80.0,12.0
207,2,EV,19:01,0:59,BLOCK,"TBL #81 CERNAK BLOCKED BY  PIT #2 RUHWEDEL, Wrist, Def. Zone","{'C': '53', 'L': '23', 'D1': '2', 'D2': '6', 'G': '35'}","{'C': '21', 'R': '86', 'L': '18', 'D1': '27', 'D2': '81', 'G': '88'}",Chad Ruhwedel,Erik Cernak,,,2021-10-13T01:15:32Z,"{'x': -77.0, 'y': -1.0}",2021,10,12,21:15:32,-77.0,-1.0
208,2,EV,19:10,0:50,HIT,"PIT #2 RUHWEDEL HIT TBL #81 CERNAK, Def. Zone","{'C': '53', 'L': '23', 'D1': '2', 'D2': '6', 'G': '35'}","{'C': '21', 'R': '86', 'L': '18', 'D1': '27', 'D2': '81', 'G': '88'}",Chad Ruhwedel,Erik Cernak,,,2021-10-13T01:15:41Z,"{'x': -95.0, 'y': 15.0}",2021,10,12,21:15:41,-95.0,15.0
209,2,,19:44,0:16,STOP,OFFSIDE,"{'C': '77', 'R': '17', 'L': '43', 'D1': '8', 'D2': '58', 'G': '35'}","{'C': '91', 'R': '10', 'D1': '44', 'D2': '77', 'G': '88'}",,,,,2021-10-13T01:16:15Z,{},2021,10,12,21:16:15,,
210,2,EV,19:44,0:16,FAC,PIT won Neu. Zone - PIT #77 CARTER vs TBL #91 STAMKOS,"{'C': '77', 'R': '17', 'L': '43', 'D1': '8', 'D2': '58', 'G': '35'}","{'C': '91', 'R': '10', 'D1': '44', 'D2': '77', 'G': '88'}",Jeff Carter,Steven Stamkos,,,2021-10-13T01:16:40Z,"{'x': 20.0, 'y': 22.0}",2021,10,12,21:16:40,20.0,22.0
211,2,EV,19:56,0:04,SHOT,"PIT ONGOAL - #8 DUMOULIN, Wrist, Off. Zone, 64 ft.","{'C': '77', 'R': '17', 'L': '43', 'D1': '8', 'D2': '58', 'G': '35'}","{'C': '91', 'R': '10', 'D1': '44', 'D2': '77', 'G': '88'}",Brian Dumoulin,Andrei Vasilevskiy,,,2021-10-13T01:16:51Z,"{'x': 30.0, 'y': 27.0}",2021,10,12,21:16:51,30.0,27.0
212,2,,20:00,0:00,PEND,Period End- Local time: 9:17 EDT,"{'C': '77', 'R': '17', 'L': '43', 'D1': '8', 'D2': '58', 'G': '35'}","{'C': '91', 'R': '10', 'D1': '44', 'D2': '77', 'G': '88'}",,,,,2021-10-13T01:16:55Z,{},2021,10,12,21:16:55,,
213,3,,00:00,20:00,PSTR,Period Start- Local time: 9:35 EDT,"{'C': '77', 'R': '17', 'L': '43', 'D1': '8', 'D2': '58', 'G': '35'}","{'C': '91', 'D1': '27', 'D2': '81', 'G': '88'}",,,,,2021-10-13T01:35:37Z,{},2021,10,12,21:35:37,,
214,3,EV,00:00,20:00,FAC,TBL won Neu. Zone - PIT #77 CARTER vs TBL #71 CIRELLI,"{'C': '77', 'R': '17', 'L': '43', 'D1': '8', 'D2': '58', 'G': '35'}","{'C': '91', 'D1': '27', 'D2': '81', 'G': '88'}",Anthony Cirelli,Jeff Carter,,,2021-10-13T01:35:37Z,"{'x': 0.0, 'y': 0.0}",2021,10,12,21:35:37,0.0,0.0
215,3,EV,00:12,19:48,SHOT,"TBL ONGOAL - #71 CIRELLI, Wrist, Off. Zone, 25 ft.","{'C': '77', 'R': '17', 'L': '43', 'D1': '8', 'D2': '58', 'G': '35'}","{'C': '91', 'D1': '27', 'D2': '81', 'G': '88'}",Anthony Cirelli,Tristan Jarry,,,2021-10-13T01:35:49Z,"{'x': 74.0, 'y': -20.0}",2021,10,12,21:35:49,74.0,-20.0
216,3,EV,00:27,19:33,TAKE,"TBL TAKEAWAY - #17 KILLORN, Def. Zone","{'C': '77', 'R': '17', 'L': '43', 'D1': '8', 'D2': '58', 'G': '35'}","{'C': '91', 'D1': '27', 'D2': '81', 'G': '88'}",Alex Killorn,,,,2021-10-13T01:36:04Z,"{'x': -81.0, 'y': 36.0}",2021,10,12,21:36:04,-81.0,36.0
217,3,EV,00:45,19:15,MISS,"TBL #77 HEDMAN, Slap, Wide of Net, Off. Zone, 54 ft.","{'C': '77', 'L': '43', 'D1': '8', 'D2': '58', 'G': '35'}","{'C': '91', 'D1': '44', 'D2': '77', 'G': '88'}",Victor Hedman,Tristan Jarry,,,2021-10-13T01:36:22Z,"{'x': 39.0, 'y': 21.0}",2021,10,12,21:36:22,39.0,21.0
218,3,EV,1:03,18:57,SHOT,"TBL ONGOAL - #44 RUTTA, Wrist, Off. Zone, 52 ft.","{'C': '53', 'L': '23', 'D1': '6', 'D2': '28', 'G': '35'}","{'C': '21', 'R': '86', 'L': '18', 'D1': '44', 'D2': '77', 'G': '88'}",,,,,,,,,,,,
219,3,,1:03,18:57,STOP,GOALIE STOPPED (AFTER SOG),"{'C': '53', 'L': '23', 'D1': '6', 'D2': '28', 'G': '35'}","{'C': '21', 'R': '86', 'L': '18', 'D1': '44', 'D2': '77', 'G': '88'}",,,,,,,,,,,,
220,3,EV,1:03,18:57,FAC,TBL won Off. Zone - PIT #53 BLUEGER vs TBL #21 POINT,"{'C': '53', 'L': '23', 'D1': '6', 'D2': '28', 'G': '35'}","{'C': '21', 'R': '86', 'L': '18', 'D1': '44', 'D2': '77', 'G': '88'}",,,,,,,,,,,,
221,3,EV,1:35,18:25,HIT,"PIT #23 MCGINN HIT TBL #77 HEDMAN, Off. Zone","{'C': '53', 'L': '23', 'D1': '6', 'D2': '28', 'G': '35'}","{'C': '21', 'R': '86', 'L': '18', 'D1': '44', 'D2': '77', 'G': '88'}",,,,,,,,,,,,
222,3,EV,1:38,18:22,SHOT,"PIT ONGOAL - #53 BLUEGER, Wrist, Off. Zone, 36 ft.","{'C': '53', 'L': '23', 'D1': '6', 'D2': '28', 'G': '35'}","{'C': '21', 'R': '86', 'L': '18', 'D1': '44', 'D2': '77', 'G': '88'}",,,,,,,,,,,,
223,3,,1:38,18:22,STOP,GOALIE STOPPED (AFTER SOG),"{'C': '9', 'R': '42', 'L': '16', 'D1': '2', 'D2': '52', 'G': '35'}","{'R': '16', 'L': '41', 'D1': '24', 'D2': '98', 'G': '88'}",,,,,,,,,,,,
224,3,EV,1:38,18:22,FAC,PIT won Off. Zone - PIT #9 RODRIGUES vs TBL #41 BELLEMARE,"{'C': '9', 'R': '42', 'L': '16', 'D1': '2', 'D2': '52', 'G': '35'}","{'R': '16', 'L': '41', 'D1': '24', 'D2': '98', 'G': '88'}",,,,,,,,,,,,
225,3,EV,1:44,18:16,SHOT,"PIT ONGOAL - #2 RUHWEDEL, Wrist, Off. Zone, 55 ft.","{'C': '9', 'R': '42', 'L': '16', 'D1': '2', 'D2': '52', 'G': '35'}","{'R': '16', 'L': '41', 'D1': '24', 'D2': '98', 'G': '88'}",,,,,,,,,,,,
226,3,,1:48,18:12,STOP,ICING,"{'C': '9', 'R': '42', 'L': '16', 'D1': '2', 'D2': '52', 'G': '35'}","{'R': '16', 'L': '41', 'D1': '24', 'D2': '98', 'G': '88'}",,,,,,,,,,,,
227,3,EV,1:48,18:12,FAC,TBL won Def. Zone - PIT #9 RODRIGUES vs TBL #41 BELLEMARE,"{'C': '9', 'R': '42', 'L': '16', 'D1': '2', 'D2': '52', 'G': '35'}","{'R': '16', 'L': '41', 'D1': '24', 'D2': '98', 'G': '88'}",,,,,,,,,,,,
228,3,EV,1:52,18:08,SHOT,"PIT ONGOAL - #52 FRIEDMAN, Snap, Off. Zone, 8 ft.","{'C': '9', 'R': '42', 'L': '16', 'D1': '2', 'D2': '52', 'G': '35'}","{'R': '16', 'L': '41', 'D1': '24', 'D2': '98', 'G': '88'}",,,,,,,,,,,,
229,3,,1:53,18:07,STOP,GOALIE STOPPED (AFTER SOG),"{'C': '9', 'R': '42', 'L': '16', 'D1': '2', 'D2': '52', 'G': '35'}","{'R': '16', 'L': '41', 'D1': '24', 'D2': '98', 'G': '88'}",,,,,,,,,,,,
230,3,EV,1:53,18:07,FAC,TBL won Def. Zone - PIT #9 RODRIGUES vs TBL #21 POINT,"{'C': '9', 'R': '42', 'L': '16', 'D1': '2', 'D2': '52', 'G': '35'}","{'C': '21', 'R': '86', 'L': '18', 'D1': '24', 'D2': '98', 'G': '88'}",,,,,,,,,,,,
231,3,EV,2:39,17:21,HIT,"TBL #18 PALAT HIT PIT #8 DUMOULIN, Off. Zone","{'C': '77', 'R': '17', 'L': '16', 'D1': '8', 'D2': '52', 'G': '35'}","{'C': '21', 'R': '86', 'L': '18', 'D1': '27', 'D2': '81', 'G': '88'}",,,,,,,,,,,,
232,3,,2:44,17:16,STOP,ICING,"{'C': '77', 'R': '17', 'L': '16', 'D1': '8', 'D2': '52', 'G': '35'}","{'C': '21', 'R': '86', 'L': '18', 'D1': '27', 'D2': '81', 'G': '88'}",,,,,,,,,,,,
233,3,EV,2:44,17:16,FAC,TBL won Off. Zone - PIT #77 CARTER vs TBL #79 COLTON,"{'C': '77', 'R': '17', 'L': '16', 'D1': '8', 'D2': '52', 'G': '35'}","{'C': '79', 'R': '7', 'L': '14', 'D1': '27', 'D2': '81', 'G': '88'}",,,,,,,,,,,,
234,3,EV,2:56,17:04,MISS,"TBL #27 MCDONAGH, Slap, Wide of Net, Off. Zone, 56 ft.","{'C': '77', 'R': '17', 'L': '16', 'D1': '8', 'D2': '52', 'G': '35'}","{'C': '79', 'R': '7', 'L': '14', 'D1': '27', 'D2': '81', 'G': '88'}",,,,,,,,,,,,
235,3,,3:05,16:55,STOP,OFFSIDE,"{'C': '77', 'R': '17', 'L': '43', 'D1': '8', 'D2': '58', 'G': '35'}","{'C': '79', 'R': '7', 'L': '14', 'D1': '27', 'D2': '81', 'G': '88'}",,,,,,,,,,,,
236,3,EV,3:05,16:55,FAC,TBL won Neu. Zone - PIT #11 BOYLE vs TBL #91 STAMKOS,"{'C': '18', 'L': '10', 'D1': '8', 'D2': '58', 'G': '35'}","{'C': '91', 'D1': '77', 'D2': '98', 'G': '88'}",,,,,,,,,,,,
237,3,,3:12,16:48,STOP,PUCK IN BENCHES,"{'C': '18', 'L': '10', 'D1': '8', 'D2': '58', 'G': '35'}","{'C': '91', 'D1': '77', 'D2': '98', 'G': '88'}",,,,,,,,,,,,
238,3,EV,3:12,16:48,FAC,TBL won Neu. Zone - PIT #18 LAFFERTY vs TBL #71 CIRELLI,"{'C': '18', 'L': '10', 'D1': '8', 'D2': '58', 'G': '35'}","{'C': '91', 'D1': '77', 'D2': '98', 'G': '88'}",,,,,,,,,,,,
239,3,,3:13,16:47,STOP,PUCK IN CROWD,"{'C': '18', 'L': '10', 'D1': '8', 'D2': '58', 'G': '35'}","{'C': '91', 'D1': '77', 'D2': '98', 'G': '88'}",,,,,,,,,,,,
240,3,EV,3:13,16:47,FAC,PIT won Neu. Zone - PIT #18 LAFFERTY vs TBL #71 CIRELLI,"{'C': '18', 'L': '10', 'D1': '8', 'D2': '58', 'G': '35'}","{'C': '91', 'D1': '77', 'D2': '98', 'G': '88'}",,,,,,,,,,,,
241,3,EV,3:25,16:35,SHOT,"PIT ONGOAL - #10 O'CONNOR, Wrist, Off. Zone, 18 ft.","{'C': '18', 'L': '10', 'D1': '8', 'D2': '58', 'G': '35'}","{'C': '91', 'D1': '77', 'D2': '98', 'G': '88'}",,,,,,,,,,,,
242,3,,3:25,16:35,STOP,GOALIE STOPPED (AFTER SOG),"{'C': '53', 'L': '23', 'D1': '8', 'D2': '58', 'G': '35'}","{'C': '91', 'D1': '77', 'D2': '98', 'G': '88'}",,,,,,,,,,,,
243,3,EV,3:25,16:35,FAC,TBL won Def. Zone - PIT #53 BLUEGER vs TBL #41 BELLEMARE,"{'C': '53', 'L': '23', 'D1': '8', 'D2': '58', 'G': '35'}","{'R': '16', 'L': '41', 'D1': '24', 'D2': '98', 'G': '88'}",,,,,,,,,,,,
244,3,EV,4:37,15:23,HIT,"PIT #28 PETTERSSON HIT TBL #7 JOSEPH, Def. Zone","{'C': '77', 'R': '17', 'L': '43', 'D1': '6', 'D2': '28', 'G': '35'}","{'C': '79', 'R': '7', 'L': '14', 'D1': '44', 'D2': '77', 'G': '88'}",,,,,,,,,,,,
245,3,EV,5:01,14:59,TAKE,"TBL TAKEAWAY - #18 PALAT, Off. Zone","{'C': '77', 'R': '17', 'L': '43', 'D1': '6', 'D2': '28', 'G': '35'}","{'C': '21', 'R': '86', 'L': '18', 'D1': '27', 'D2': '81', 'G': '88'}",,,,,,,,,,,,
246,3,EV,5:39,14:21,SHOT,"TBL ONGOAL - #18 PALAT, Wrist, Off. Zone, 33 ft.","{'C': '9', 'R': '42', 'L': '16', 'D1': '8', 'D2': '58', 'G': '35'}","{'C': '21', 'R': '86', 'L': '18', 'D1': '27', 'D2': '81', 'G': '88'}",,,,,,,,,,,,
247,3,,5:39,14:21,STOP,GOALIE STOPPED (AFTER SOG),"{'C': '9', 'R': '42', 'L': '16', 'D1': '8', 'D2': '58', 'G': '35'}","{'C': '21', 'R': '86', 'L': '18', 'D1': '27', 'D2': '81', 'G': '88'}",,,,,,,,,,,,
248,3,EV,5:39,14:21,FAC,TBL won Off. Zone - PIT #18 LAFFERTY vs TBL #71 CIRELLI,"{'C': '53', 'L': '23', 'D1': '8', 'D2': '58', 'G': '35'}","{'C': '91', 'D1': '24', 'D2': '98', 'G': '88'}",,,,,,,,,,,,
249,3,EV,6:14,13:46,HIT,"TBL #17 KILLORN HIT PIT #49 SIMON, Off. Zone","{'C': '53', 'L': '23', 'D1': '8', 'D2': '58', 'G': '35'}","{'C': '91', 'D1': '24', 'D2': '98', 'G': '88'}",,,,,,,,,,,,
250,3,EV,6:27,13:33,BLOCK,"TBL #24 BOGOSIAN BLOCKED BY  PIT #23 MCGINN, Slap, Def. Zone","{'C': '53', 'L': '23', 'D1': '8', 'D2': '58', 'G': '35'}","{'C': '91', 'D1': '24', 'D2': '98', 'G': '88'}",,,,,,,,,,,,
251,3,EV,6:33,13:27,HIT,"PIT #23 MCGINN HIT TBL #91 STAMKOS, Def. Zone","{'C': '53', 'L': '23', 'D1': '8', 'D2': '58', 'G': '35'}","{'C': '91', 'D1': '24', 'D2': '98', 'G': '88'}",,,,,,,,,,,,
252,3,EV,6:40,13:20,MISS,"TBL #98 SERGACHEV, Wrist, Wide of Net, Off. Zone, 31 ft.","{'C': '53', 'L': '23', 'D1': '2', 'D2': '58', 'G': '35'}","{'C': '91', 'D1': '24', 'D2': '98', 'G': '88'}",,,,,,,,,,,,
253,3,EV,6:49,13:11,BLOCK,"TBL #24 BOGOSIAN BLOCKED BY  PIT #23 MCGINN, Slap, Def. Zone","{'C': '53', 'L': '23', 'D1': '2', 'D2': '58', 'G': '35'}","{'C': '91', 'D1': '24', 'D2': '98', 'G': '88'}",,,,,,,,,,,,
254,3,EV,6:51,13:09,HIT,"TBL #71 CIRELLI HIT PIT #53 BLUEGER, Off. Zone","{'C': '53', 'L': '23', 'D1': '2', 'D2': '58', 'G': '35'}","{'C': '91', 'D1': '24', 'D2': '98', 'G': '88'}",,,,,,,,,,,,
255,3,EV,7:27,12:33,MISS,"PIT #52 FRIEDMAN, Wrist, Wide of Net, Off. Zone, 47 ft.","{'C': '77', 'R': '17', 'L': '43', 'D1': '2', 'D2': '52', 'G': '35'}","{'R': '16', 'L': '41', 'D1': '44', 'D2': '77', 'G': '88'}",,,,,,,,,,,,
256,3,EV,7:34,12:26,BLOCK,"PIT #2 RUHWEDEL BLOCKED BY  TBL #44 RUTTA, Wrist, Def. Zone","{'C': '77', 'R': '17', 'L': '43', 'D1': '2', 'D2': '52', 'G': '35'}","{'R': '16', 'L': '41', 'D1': '44', 'D2': '77', 'G': '88'}",,,,,,,,,,,,
257,3,EV,8:01,11:59,HIT,"PIT #28 PETTERSSON HIT TBL #79 COLTON, Def. Zone","{'C': '9', 'R': '42', 'L': '16', 'D1': '6', 'D2': '28', 'G': '35'}","{'C': '79', 'R': '7', 'L': '14', 'D1': '27', 'D2': '81', 'G': '88'}",,,,,,,,,,,,
258,3,EV,8:08,11:52,MISS,"TBL #27 MCDONAGH, Slap, Wide of Net, Off. Zone, 43 ft.","{'C': '9', 'R': '42', 'L': '16', 'D1': '6', 'D2': '28', 'G': '35'}","{'C': '79', 'R': '7', 'L': '14', 'D1': '27', 'D2': '81', 'G': '88'}",,,,,,,,,,,,
259,3,EV,8:16,11:44,GIVE,"TBL GIVEAWAY - #27 MCDONAGH, Def. Zone","{'C': '9', 'R': '42', 'L': '16', 'D1': '6', 'D2': '28', 'G': '35'}","{'C': '79', 'R': '7', 'L': '14', 'D1': '27', 'D2': '81', 'G': '88'}",,,,,,,,,,,,
260,3,EV,8:24,11:36,HIT,"TBL #81 CERNAK HIT PIT #16 ZUCKER, Def. Zone","{'C': '9', 'R': '42', 'L': '16', 'D1': '6', 'D2': '28', 'G': '35'}","{'C': '79', 'R': '7', 'L': '14', 'D1': '27', 'D2': '81', 'G': '88'}",,,,,,,,,,,,
261,3,EV,8:40,11:20,HIT,"TBL #27 MCDONAGH HIT PIT #49 SIMON, Def. Zone","{'C': '53', 'L': '23', 'D1': '6', 'D2': '28', 'G': '35'}","{'C': '21', 'R': '86', 'L': '18', 'D1': '27', 'D2': '81', 'G': '88'}",,,,,,,,,,,,
262,3,,9:14,10:46,STOP,ICING,"{'C': '77', 'R': '17', 'L': '23', 'D1': '2', 'D2': '52', 'G': '35'}","{'C': '21', 'R': '86', 'L': '18', 'D1': '77', 'D2': '98', 'G': '88'}",,,,,,,,,,,,
263,3,EV,9:14,10:46,FAC,PIT won Off. Zone - PIT #77 CARTER vs TBL #21 POINT,"{'C': '77', 'R': '17', 'L': '43', 'D1': '2', 'D2': '52', 'G': '35'}","{'C': '21', 'R': '86', 'L': '18', 'D1': '77', 'D2': '98', 'G': '88'}",,,,,,,,,,,,
264,3,EV,9:30,10:30,HIT,"TBL #21 POINT HIT PIT #2 RUHWEDEL, Off. Zone","{'C': '77', 'R': '17', 'L': '43', 'D1': '2', 'D2': '52', 'G': '35'}","{'C': '21', 'R': '86', 'D1': '77', 'D2': '98', 'G': '88'}",,,,,,,,,,,,
265,3,EV,9:44,10:16,GIVE,"TBL GIVEAWAY - #86 KUCHEROV, Off. Zone","{'C': '77', 'R': '17', 'L': '43', 'D1': '2', 'D2': '52', 'G': '35'}","{'C': '21', 'R': '86', 'D1': '77', 'D2': '98', 'G': '88'}",,,,,,,,,,,,
266,3,EV,10:11,9:49,MISS,"PIT #10 O'CONNOR, Wrist, Wide of Net, Off. Zone, 31 ft.","{'C': '18', 'L': '10', 'D1': '6', 'D2': '28', 'G': '35'}","{'C': '91', 'D1': '27', 'D2': '81', 'G': '88'}",Drew O'Connor,Andrei Vasilevskiy,,,2021-10-13T01:50:54Z,"{'x': -61.0, 'y': 14.0}",2021,10,12,21:50:54,-61.0,14.0
267,3,EV,10:14,9:46,MISS,"PIT #6 MARINO, Wrist, Over Net, Off. Zone, 29 ft.","{'C': '18', 'L': '10', 'D1': '6', 'D2': '28', 'G': '35'}","{'C': '91', 'D1': '27', 'D2': '81', 'G': '88'}",John Marino,Andrei Vasilevskiy,,,2021-10-13T01:50:57Z,"{'x': -61.0, 'y': -9.0}",2021,10,12,21:50:57,-61.0,-9.0
268,3,EV,10:22,9:38,BLOCK,"PIT #6 MARINO BLOCKED BY  TBL #17 KILLORN, Wrist, Def. Zone","{'C': '18', 'L': '10', 'D1': '6', 'D2': '28', 'G': '35'}","{'C': '91', 'D1': '27', 'D2': '81', 'G': '88'}",Alex Killorn,John Marino,,,2021-10-13T01:51:05Z,"{'x': -80.0, 'y': 3.0}",2021,10,12,21:51:05,-80.0,3.0
269,3,,10:28,9:32,STOP,ICING,"{'C': '9', 'R': '42', 'L': '16', 'D1': '2', 'D2': '52', 'G': '35'}","{'C': '91', 'D1': '27', 'D2': '81', 'G': '88'}",,,,,2021-10-13T01:51:11Z,{},2021,10,12,21:51:11,,
270,3,EV,10:28,9:32,FAC,PIT won Off. Zone - PIT #9 RODRIGUES vs TBL #71 CIRELLI,"{'C': '9', 'R': '42', 'L': '16', 'D1': '2', 'D2': '52', 'G': '35'}","{'C': '91', 'D1': '27', 'D2': '81', 'G': '88'}",Evan Rodrigues,Anthony Cirelli,,,2021-10-13T01:51:47Z,"{'x': -69.0, 'y': 22.0}",2021,10,12,21:51:47,-69.0,22.0
271,3,EV,10:48,9:12,SHOT,"PIT ONGOAL - #16 ZUCKER, Wrist, Off. Zone, 21 ft.","{'C': '9', 'R': '42', 'L': '16', 'D1': '2', 'D2': '52', 'G': '35'}","{'C': '91', 'R': '16', 'D1': '27', 'D2': '81', 'G': '88'}",Jason Zucker,Andrei Vasilevskiy,,,2021-10-13T01:52:07Z,"{'x': -73.0, 'y': -14.0}",2021,10,12,21:52:07,-73.0,-14.0
272,3,EV,11:32,8:28,GOAL,"PIT #49 SIMON(1), Wrist, Off. Zone, 47 ft.Assists: #58 LETANG(1); #23 MCGINN(1)","{'C': '53', 'L': '23', 'D1': '8', 'D2': '58', 'G': '35'}","{'R': '16', 'L': '41', 'D1': '24', 'D2': '98', 'G': '88'}",Dominik Simon,Kris Letang,Brock McGinn,Andrei Vasilevskiy,2021-10-13T01:52:51Z,"{'x': -52.0, 'y': 29.0}",2021,10,12,21:52:51,-52.0,29.0
273,3,EV,11:32,8:28,FAC,TBL won Neu. Zone - PIT #77 CARTER vs TBL #79 COLTON,"{'C': '77', 'R': '17', 'L': '43', 'D1': '8', 'D2': '58', 'G': '35'}","{'C': '79', 'R': '7', 'L': '14', 'D1': '44', 'D2': '77', 'G': '88'}",Ross Colton,Jeff Carter,,,2021-10-13T01:53:41Z,"{'x': 0.0, 'y': 0.0}",2021,10,12,21:53:41,0.0,0.0
274,3,EV,11:40,8:20,SHOT,"TBL ONGOAL - #77 HEDMAN, Wrist, Neu. Zone, 103 ft.","{'C': '77', 'R': '17', 'L': '43', 'D1': '8', 'D2': '58', 'G': '35'}","{'C': '79', 'R': '7', 'L': '14', 'D1': '44', 'D2': '77', 'G': '88'}",Victor Hedman,Tristan Jarry,,,2021-10-13T01:53:49Z,"{'x': -8.0, 'y': 35.0}",2021,10,12,21:53:49,-8.0,35.0
275,3,EV,11:42,8:18,HIT,"PIT #77 CARTER HIT TBL #79 COLTON, Def. Zone","{'C': '77', 'R': '17', 'L': '43', 'D1': '8', 'D2': '58', 'G': '35'}","{'C': '79', 'R': '7', 'L': '14', 'D1': '44', 'D2': '77', 'G': '88'}",Jeff Carter,Ross Colton,,,2021-10-13T01:53:51Z,"{'x': 94.0, 'y': 20.0}",2021,10,12,21:53:51,94.0,20.0
276,3,EV,11:46,8:14,SHOT,"TBL ONGOAL - #44 RUTTA, Wrist, Off. Zone, 54 ft.","{'C': '77', 'R': '17', 'L': '43', 'D1': '8', 'D2': '58', 'G': '35'}","{'C': '79', 'R': '7', 'L': '14', 'D1': '44', 'D2': '77', 'G': '88'}",Jan Rutta,Tristan Jarry,,,2021-10-13T01:53:55Z,"{'x': 40.0, 'y': -24.0}",2021,10,12,21:53:55,40.0,-24.0
277,3,,11:46,8:14,STOP,"GOALIE STOPPED (AFTER SOG),TV TIMEOUT","{'C': '77', 'R': '17', 'L': '43', 'D1': '8', 'D2': '58', 'G': '35'}","{'C': '79', 'R': '7', 'L': '14', 'D1': '44', 'D2': '77', 'G': '88'}",,,,,,,,,,,,
278,3,EV,11:46,8:14,FAC,TBL won Off. Zone - PIT #53 BLUEGER vs TBL #79 COLTON,"{'C': '53', 'L': '23', 'D1': '8', 'D2': '58', 'G': '35'}","{'C': '79', 'R': '7', 'L': '14', 'D1': '44', 'D2': '77', 'G': '88'}",Ross Colton,Teddy Blueger,,,2021-10-13T01:56:20Z,"{'x': 69.0, 'y': -22.0}",2021,10,12,21:56:20,69.0,-22.0
279,3,EV,11:52,8:08,BLOCK,"TBL #44 RUTTA BLOCKED BY  PIT #11 BOYLE, Slap, Def. Zone","{'C': '53', 'L': '23', 'D1': '8', 'D2': '58', 'G': '35'}","{'C': '79', 'R': '7', 'L': '14', 'D1': '44', 'D2': '77', 'G': '88'}",Brian Boyle,Jan Rutta,,,2021-10-13T01:56:26Z,"{'x': 60.0, 'y': 0.0}",2021,10,12,21:56:26,60.0,0.0
280,3,EV,12:03,7:57,HIT,"TBL #7 JOSEPH HIT PIT #53 BLUEGER, Def. Zone","{'C': '53', 'L': '23', 'D1': '2', 'D2': '52', 'G': '35'}","{'C': '79', 'R': '7', 'L': '14', 'D1': '44', 'D2': '77', 'G': '88'}",Mathieu Joseph,Teddy Blueger,,,2021-10-13T01:56:37Z,"{'x': -98.0, 'y': -12.0}",2021,10,12,21:56:37,-98.0,-12.0
281,3,EV,12:22,7:38,HIT,"PIT #23 MCGINN HIT TBL #14 MAROON, Off. Zone","{'C': '53', 'L': '23', 'D1': '2', 'D2': '52', 'G': '35'}","{'C': '21', 'R': '7', 'L': '14', 'D1': '44', 'D2': '77', 'G': '88'}",Brock McGinn,Pat Maroon,,,2021-10-13T01:56:56Z,"{'x': -93.0, 'y': 21.0}",2021,10,12,21:56:56,-93.0,21.0
282,3,EV,12:27,7:33,SHOT,"PIT ONGOAL - #49 SIMON, Wrist, Off. Zone, 45 ft.","{'C': '53', 'L': '23', 'D1': '2', 'D2': '52', 'G': '35'}","{'C': '21', 'R': '7', 'L': '14', 'D1': '44', 'D2': '77', 'G': '88'}",Dominik Simon,Andrei Vasilevskiy,,,2021-10-13T01:57:01Z,"{'x': -53.0, 'y': -28.0}",2021,10,12,21:57:01,-53.0,-28.0
283,3,,12:27,7:33,STOP,PUCK IN NETTING,"{'C': '53', 'L': '23', 'D1': '2', 'D2': '52', 'G': '35'}","{'C': '21', 'R': '7', 'L': '14', 'D1': '44', 'D2': '77', 'G': '88'}",,,,,,,,,,,,
284,3,EV,12:27,7:33,FAC,TBL won Def. Zone - PIT #17 RUST vs TBL #21 POINT,"{'C': '77', 'R': '17', 'L': '43', 'D1': '8', 'D2': '58', 'G': '35'}","{'C': '21', 'R': '86', 'L': '18', 'D1': '81', 'D2': '98', 'G': '88'}",Brayden Point,Bryan Rust,,,2021-10-13T01:57:51Z,"{'x': -69.0, 'y': -22.0}",2021,10,12,21:57:51,-69.0,-22.0
285,3,,12:39,7:21,STOP,OFFSIDE,"{'C': '77', 'R': '17', 'L': '43', 'D1': '8', 'D2': '58', 'G': '35'}","{'C': '21', 'R': '86', 'L': '18', 'D1': '81', 'D2': '98', 'G': '88'}",,,,,2021-10-13T01:58:03Z,{},2021,10,12,21:58:03,,
286,3,EV,12:39,7:21,FAC,TBL won Neu. Zone - PIT #77 CARTER vs TBL #71 CIRELLI,"{'C': '77', 'R': '17', 'L': '43', 'D1': '8', 'D2': '58', 'G': '35'}","{'C': '91', 'R': '10', 'D1': '77', 'D2': '98', 'G': '88'}",Anthony Cirelli,Jeff Carter,,,2021-10-13T01:58:31Z,"{'x': 20.0, 'y': 22.0}",2021,10,12,21:58:31,20.0,22.0
287,3,EV,13:05,6:55,HIT,"TBL #10 PERRY HIT PIT #8 DUMOULIN, Off. Zone","{'C': '77', 'R': '17', 'L': '43', 'D1': '8', 'D2': '58', 'G': '35'}","{'C': '91', 'R': '10', 'D1': '77', 'D2': '98', 'G': '88'}",Corey Perry,Brian Dumoulin,,,2021-10-13T01:58:57Z,"{'x': 96.0, 'y': 26.0}",2021,10,12,21:58:57,96.0,26.0
288,3,EV,13:48,6:12,SHOT,"TBL ONGOAL - #27 MCDONAGH, Snap, Off. Zone, 38 ft.","{'C': '9', 'R': '42', 'L': '16', 'D1': '6', 'D2': '28', 'G': '35'}","{'C': '21', 'R': '86', 'L': '18', 'D1': '27', 'D2': '81', 'G': '88'}",Ryan McDonagh,Tristan Jarry,,,2021-10-13T01:59:40Z,"{'x': 72.0, 'y': 34.0}",2021,10,12,21:59:40,72.0,34.0
289,3,,13:48,6:12,STOP,"GOALIE STOPPED (AFTER SOG),TV TIMEOUT","{'C': '9', 'R': '42', 'L': '16', 'D1': '6', 'D2': '28', 'G': '35'}","{'C': '21', 'R': '86', 'L': '18', 'D1': '27', 'D2': '81', 'G': '88'}",,,,,,,,,,,,
290,3,EV,13:48,6:12,FAC,TBL won Off. Zone - PIT #77 CARTER vs TBL #71 CIRELLI,"{'C': '77', 'R': '17', 'D1': '8', 'D2': '58', 'G': '35'}","{'C': '91', 'R': '86', 'D1': '77'}",Anthony Cirelli,Jeff Carter,,,2021-10-13T02:02:04Z,"{'x': 69.0, 'y': 22.0}",2021,10,12,22:02:04,69.0,22.0
291,3,EV,14:18,5:42,SHOT,"TBL ONGOAL - #17 KILLORN, Tip-In, Off. Zone, 7 ft.","{'C': '77', 'R': '17', 'L': '43', 'D1': '8', 'D2': '58', 'G': '35'}","{'C': '91', 'R': '86', 'D1': '77'}",Alex Killorn,Tristan Jarry,,,2021-10-13T02:02:34Z,"{'x': 84.0, 'y': -5.0}",2021,10,12,22:02:34,84.0,-5.0
292,3,,14:18,5:42,STOP,GOALIE STOPPED (AFTER SOG),"{'C': '77', 'R': '17', 'L': '43', 'D1': '8', 'D2': '58', 'G': '35'}","{'C': '91', 'R': '86', 'D1': '77'}",,,,,,,,,,,,
293,3,EV,14:18,5:42,FAC,TBL won Off. Zone - PIT #11 BOYLE vs TBL #91 STAMKOS,"{'C': '53', 'L': '23', 'D1': '8', 'D2': '58', 'G': '35'}","{'C': '91', 'R': '86', 'D1': '77'}",Steven Stamkos,Brian Boyle,,,2021-10-13T02:03:13Z,"{'x': 69.0, 'y': -22.0}",2021,10,12,22:03:13,69.0,-22.0
294,3,EV,14:23,5:37,GOAL,"TBL #71 CIRELLI(1), Tip-In, Off. Zone, 14 ft.Assists: #77 HEDMAN(1); #91 STAMKOS(1)","{'C': '53', 'L': '23', 'D1': '8', 'D2': '58', 'G': '35'}","{'C': '91', 'R': '86', 'D1': '77'}",Anthony Cirelli,Victor Hedman,Steven Stamkos,Tristan Jarry,2021-10-13T02:03:17Z,"{'x': 75.0, 'y': 1.0}",2021,10,12,22:03:17,75.0,1.0
295,3,EV,14:23,5:37,FAC,PIT won Neu. Zone - PIT #53 BLUEGER vs TBL #71 CIRELLI,"{'C': '53', 'L': '23', 'D1': '8', 'D2': '58', 'G': '35'}","{'C': '71', 'R': '86', 'D1': '77', 'D2': '98', 'G': '88'}",Teddy Blueger,Anthony Cirelli,,,2021-10-13T02:04:16Z,"{'x': 0.0, 'y': 0.0}",2021,10,12,22:04:16,0.0,0.0
296,3,EV,14:53,5:07,GOAL,"PIT #53 BLUEGER(1), Wrist, Off. Zone, 29 ft.Assist: #58 LETANG(2)","{'C': '53', 'L': '23', 'D1': '8', 'D2': '58', 'G': '35'}","{'C': '91', 'R': '86', 'D1': '77', 'D2': '98'}",Teddy Blueger,Kris Letang,,,2021-10-13T02:04:46Z,"{'x': -63.0, 'y': 14.0}",2021,10,12,22:04:46,-63.0,14.0
297,3,EV,14:53,5:07,FAC,PIT won Neu. Zone - PIT #77 CARTER vs TBL #41 BELLEMARE,"{'C': '77', 'R': '17', 'L': '43', 'D1': '6', 'D2': '28', 'G': '35'}","{'R': '16', 'L': '41', 'D1': '24', 'D2': '27', 'G': '88'}",Jeff Carter,Pierre-Edouard Bellemare,,,2021-10-13T02:05:30Z,"{'x': 0.0, 'y': 0.0}",2021,10,12,22:05:30,0.0,0.0
298,3,EV,15:31,4:29,BLOCK,"PIT #6 MARINO BLOCKED BY  TBL #10 PERRY, Wrist, Def. Zone","{'C': '77', 'R': '17', 'L': '43', 'D1': '6', 'D2': '28', 'G': '35'}","{'R': '16', 'L': '41', 'D1': '24', 'D2': '27', 'G': '88'}",Corey Perry,John Marino,,,2021-10-13T02:06:08Z,"{'x': -51.0, 'y': 11.0}",2021,10,12,22:06:08,-51.0,11.0
299,3,EV,15:40,4:20,BLOCK,"PIT #17 RUST BLOCKED BY  TBL #16 RADDYSH, Wrist, Def. Zone","{'C': '77', 'R': '17', 'L': '43', 'D1': '6', 'D2': '28', 'G': '35'}","{'R': '16', 'L': '41', 'D1': '44', 'D2': '98', 'G': '88'}",Taylor Raddysh,Bryan Rust,,,2021-10-13T02:06:17Z,"{'x': -51.0, 'y': 19.0}",2021,10,12,22:06:17,-51.0,19.0
300,3,,16:12,3:48,STOP,PUCK FROZEN,"{'C': '9', 'R': '42', 'L': '16', 'D1': '8', 'D2': '58', 'G': '35'}","{'C': '21', 'R': '86', 'D1': '44', 'D2': '98', 'G': '88'}",,,,,2021-10-13T02:06:50Z,{},2021,10,12,22:06:50,,
301,3,EV,16:12,3:48,FAC,PIT won Def. Zone - PIT #9 RODRIGUES vs TBL #91 STAMKOS,"{'C': '9', 'R': '42', 'L': '16', 'D1': '8', 'D2': '58', 'G': '35'}","{'C': '91', 'R': '86', 'D1': '77'}",Evan Rodrigues,Steven Stamkos,,,2021-10-13T02:07:29Z,"{'x': 69.0, 'y': -22.0}",2021,10,12,22:07:29,69.0,-22.0
302,3,,16:18,3:42,STOP,"PUCK IN BENCHES,TV TIMEOUT","{'C': '9', 'R': '42', 'L': '16', 'D1': '8', 'D2': '58', 'G': '35'}","{'C': '91', 'R': '86', 'D1': '77'}",,,,,2021-10-13T02:07:35Z,{},2021,10,12,22:07:35,,
303,3,EV,16:18,3:42,FAC,TBL won Neu. Zone - PIT #77 CARTER vs TBL #71 CIRELLI,"{'C': '77', 'R': '17', 'L': '43', 'D1': '8', 'D2': '58', 'G': '35'}","{'C': '71', 'R': '86', 'D1': '27', 'D2': '77', 'G': '88'}",Anthony Cirelli,Jeff Carter,,,2021-10-13T02:09:58Z,"{'x': 20.0, 'y': 22.0}",2021,10,12,22:09:58,20.0,22.0
304,3,EV,16:35,3:25,SHOT,"TBL ONGOAL - #21 POINT, Wrist, Off. Zone, 11 ft.","{'C': '77', 'R': '17', 'L': '43', 'D1': '8', 'D2': '58', 'G': '35'}","{'C': '91', 'R': '86', 'D1': '77'}",Brayden Point,Tristan Jarry,,,2021-10-13T02:10:15Z,"{'x': 78.0, 'y': 2.0}",2021,10,12,22:10:15,78.0,2.0
305,3,EV,16:49,3:11,GOAL,"TBL #17 KILLORN(1), Snap, Off. Zone, 22 ft.Assists: #91 STAMKOS(2); #71 CIRELLI(1)","{'C': '77', 'R': '17', 'L': '43', 'D1': '8', 'D2': '58', 'G': '35'}","{'C': '91', 'R': '86', 'D1': '77'}",Alex Killorn,Steven Stamkos,Anthony Cirelli,Tristan Jarry,2021-10-13T02:10:29Z,"{'x': 69.0, 'y': 10.0}",2021,10,12,22:10:29,69.0,10.0
306,3,EV,16:49,3:11,FAC,TBL won Neu. Zone - PIT #53 BLUEGER vs TBL #79 COLTON,"{'C': '53', 'L': '23', 'D1': '6', 'D2': '28', 'G': '35'}","{'C': '79', 'R': '7', 'L': '14', 'D1': '27', 'D2': '98', 'G': '88'}",Ross Colton,Teddy Blueger,,,2021-10-13T02:11:14Z,"{'x': 0.0, 'y': 0.0}",2021,10,12,22:11:14,0.0,0.0
307,3,EV,17:21,2:39,MISS,"TBL #79 COLTON, Wrist, Over Net, Off. Zone, 36 ft.","{'C': '53', 'L': '23', 'D1': '6', 'D2': '28', 'G': '35'}","{'C': '79', 'R': '10', 'L': '18', 'D1': '27', 'D2': '98'}",Ross Colton,Tristan Jarry,,,2021-10-13T02:11:46Z,"{'x': 53.0, 'y': 1.0}",2021,10,12,22:11:46,53.0,1.0
308,3,EV,17:35,2:25,GOAL,"PIT #9 RODRIGUES(1), Wrist, Def. Zone, 124 ft.Assist: #6 MARINO(1)","{'C': '53', 'L': '23', 'D1': '6', 'D2': '28', 'G': '35'}","{'C': '79', 'R': '10', 'L': '18', 'D1': '27', 'D2': '98'}",Evan Rodrigues,John Marino,,,2021-10-13T02:12:00Z,"{'x': 31.0, 'y': 32.0}",2021,10,12,22:12:00,31.0,32.0
309,3,EV,17:35,2:25,FAC,PIT won Neu. Zone - PIT #77 CARTER vs TBL #21 POINT,"{'C': '77', 'R': '17', 'L': '43', 'D1': '2', 'D2': '52', 'G': '35'}","{'C': '21', 'R': '86', 'D1': '27', 'D2': '98', 'G': '88'}",Jeff Carter,Brayden Point,,,2021-10-13T02:12:42Z,"{'x': 0.0, 'y': 0.0}",2021,10,12,22:12:42,0.0,0.0
310,3,EV,18:11,1:49,GOAL,"PIT #17 RUST(1), Wrist, Neu. Zone, 113 ft.","{'C': '77', 'R': '17', 'L': '43', 'D1': '8', 'D2': '58', 'G': '35'}","{'C': '91', 'R': '86', 'D1': '27', 'D2': '77'}",Bryan Rust,,,,2021-10-13T02:13:18Z,"{'x': 24.0, 'y': 10.0}",2021,10,12,22:13:18,24.0,10.0
311,3,EV,18:11,1:49,FAC,PIT won Neu. Zone - PIT #11 BOYLE vs TBL #41 BELLEMARE,"{'C': '18', 'L': '10', 'D1': '2', 'D2': '52', 'G': '35'}","{'R': '16', 'L': '41', 'D1': '24', 'D2': '98', 'G': '88'}",Brian Boyle,Pierre-Edouard Bellemare,,,2021-10-13T02:13:53Z,"{'x': 0.0, 'y': 0.0}",2021,10,12,22:13:53,0.0,0.0
312,3,,18:32,1:28,STOP,OFFSIDE,"{'C': '18', 'L': '10', 'D1': '2', 'D2': '52', 'G': '35'}","{'R': '16', 'L': '41', 'D1': '24', 'D2': '98', 'G': '88'}",,,,,2021-10-13T02:14:14Z,{},2021,10,12,22:14:14,,
313,3,EV,18:32,1:28,FAC,PIT won Neu. Zone - PIT #11 BOYLE vs TBL #41 BELLEMARE,"{'C': '18', 'L': '10', 'D1': '2', 'D2': '52', 'G': '35'}","{'R': '16', 'L': '41', 'D1': '24', 'D2': '98', 'G': '88'}",Brian Boyle,Pierre-Edouard Bellemare,,,2021-10-13T02:14:45Z,"{'x': 20.0, 'y': -22.0}",2021,10,12,22:14:45,20.0,-22.0
314,3,EV,19:04,0:56,MISS,"PIT #10 O'CONNOR, Wrist, Wide of Net, Off. Zone, 26 ft.","{'C': '18', 'L': '10', 'D1': '6', 'D2': '28', 'G': '35'}","{'R': '16', 'L': '41', 'D1': '24', 'D2': '98', 'G': '88'}",Drew O'Connor,Andrei Vasilevskiy,,,2021-10-13T02:15:18Z,"{'x': -75.0, 'y': -23.0}",2021,10,12,22:15:18,-75.0,-23.0
315,3,,19:04,0:56,STOP,HAND PASS,"{'C': '53', 'L': '23', 'D1': '2', 'D2': '52', 'G': '35'}","{'C': '79', 'R': '10', 'L': '14', 'D1': '44', 'D2': '81', 'G': '88'}",,,,,,,,,,,,
316,3,EV,19:04,0:56,FAC,TBL won Neu. Zone - PIT #53 BLUEGER vs TBL #79 COLTON,"{'C': '53', 'L': '23', 'D1': '2', 'D2': '52', 'G': '35'}","{'C': '79', 'R': '10', 'L': '14', 'D1': '44', 'D2': '81', 'G': '88'}",Ross Colton,Teddy Blueger,,,2021-10-13T02:15:42Z,"{'x': 0.0, 'y': 0.0}",2021,10,12,22:15:42,0.0,0.0
317,3,EV,19:15,0:45,HIT,"TBL #79 COLTON HIT PIT #53 BLUEGER, Off. Zone","{'C': '53', 'L': '23', 'D1': '2', 'D2': '52', 'G': '35'}","{'C': '79', 'R': '10', 'L': '14', 'D1': '44', 'D2': '81', 'G': '88'}",Ross Colton,Teddy Blueger,,,2021-10-13T02:15:53Z,"{'x': 94.0, 'y': -23.0}",2021,10,12,22:15:53,94.0,-23.0
318,3,,19:34,0:26,STOP,ICING,"{'C': '53', 'L': '23', 'D1': '2', 'D2': '52', 'G': '35'}","{'C': '79', 'R': '10', 'L': '14', 'D1': '44', 'D2': '81', 'G': '88'}",,,,,2021-10-13T02:16:12Z,{},2021,10,12,22:16:12,,
319,3,EV,19:34,0:26,FAC,TBL won Off. Zone - PIT #53 BLUEGER vs TBL #79 COLTON,"{'C': '53', 'L': '23', 'D1': '2', 'D2': '52', 'G': '35'}","{'C': '79', 'R': '10', 'L': '14', 'D1': '44', 'D2': '81', 'G': '88'}",Ross Colton,Teddy Blueger,,,2021-10-13T02:16:39Z,"{'x': 69.0, 'y': 22.0}",2021,10,12,22:16:39,69.0,22.0
320,3,EV,19:40,0:20,SHOT,"TBL ONGOAL - #81 CERNAK, Slap, Off. Zone, 44 ft.","{'C': '53', 'L': '23', 'D1': '2', 'D2': '52', 'G': '35'}","{'C': '79', 'R': '10', 'L': '14', 'D1': '44', 'D2': '81', 'G': '88'}",Erik Cernak,Tristan Jarry,,,2021-10-13T02:16:44Z,"{'x': 45.0, 'y': 2.0}",2021,10,12,22:16:44,45.0,2.0
321,3,EV,19:48,0:12,SHOT,"TBL ONGOAL - #79 COLTON, Wrist, Off. Zone, 43 ft.","{'C': '53', 'L': '23', 'D1': '2', 'D2': '52', 'G': '35'}","{'C': '79', 'R': '10', 'L': '14', 'D1': '44', 'D2': '81', 'G': '88'}",Ross Colton,Tristan Jarry,,,2021-10-13T02:16:52Z,"{'x': 56.0, 'y': 29.0}",2021,10,12,22:16:52,56.0,29.0
322,3,EV,19:55,0:05,SHOT,"TBL ONGOAL - #81 CERNAK, Slap, Off. Zone, 59 ft.","{'C': '53', 'L': '23', 'D1': '2', 'D2': '52', 'G': '35'}","{'C': '79', 'R': '10', 'L': '14', 'D1': '44', 'D2': '81', 'G': '88'}",Erik Cernak,Tristan Jarry,,,2021-10-13T02:16:59Z,"{'x': 37.0, 'y': -28.0}",2021,10,12,22:16:59,37.0,-28.0
323,3,,20:00,0:00,PEND,Period End- Local time: 10:17 EDT,"{'C': '53', 'L': '23', 'D1': '2', 'D2': '52', 'G': '35'}","{'C': '79', 'R': '10', 'L': '14', 'D1': '44', 'D2': '81', 'G': '88'}",,,,,2021-10-13T02:17:04Z,{},2021,10,12,22:17:04,,
324,3,,20:00,0:00,GEND,Game End- Local time: 10:17 EDT,{},{},,,,,2021-10-13T02:17:13Z,{},2021,10,12,22:17:13,,
